"expr","min","lq","mean","median","uq","max","section","scenario","candidate_rows","trials","repeats","benchmark_times","model_label","constraints_label","feasible_rows","complexity_cols","constraints_level","feasible_fraction"
"point_exchange",198.376655,199.978894,377.2735335,220.572046,554.568173,869.573387,"prior","small_c100_t12",100,12,30,4,"base_model","none",100,7,NA,NA
"coordinate_exchange",1261.281934,1288.4399445,1316.91002675,1321.592401,1345.380109,1363.173371,"prior","small_c100_t12",100,12,30,4,"base_model","none",100,7,NA,NA
"point_exchange",369.479823,369.9383055,371.3241875,371.547986,372.7100695,372.720955,"prior","small_c100_t24",100,24,30,4,"base_model","none",100,7,NA,NA
"coordinate_exchange",2148.360189,2155.560732,2172.98686975,2165.745173,2190.4130075,2212.096944,"prior","small_c100_t24",100,24,30,4,"base_model","none",100,7,NA,NA
"point_exchange",1986.792555,1988.286595,1989.55170466667,1989.780635,1990.9312795,1992.081924,"prior","medium_c441_t48",441,48,20,3,"base_model","none",441,12,NA,NA
"coordinate_exchange",2727.80954,2739.229229,2770.96165733333,2750.648918,2792.537716,2834.426514,"prior","medium_c441_t48",441,48,20,3,"base_model","none",441,12,NA,NA
"point_exchange",6997.069635,7004.293548,7010.27264633333,7011.517461,7016.874152,7022.230843,"prior","large_c1089_t72",1089,72,20,3,"base_model","none",1089,12,NA,NA
"coordinate_exchange",4569.023723,4579.5222855,4596.07403333333,4590.020848,4609.5991885,4629.177529,"prior","large_c1089_t72",1089,72,20,3,"base_model","none",1089,12,NA,NA
"point_exchange",27155.820526,27155.820526,27155.820526,27155.820526,27155.820526,27155.820526,"prior","xlarge_c10404_t300",10404,300,2,1,"base_model","none",10404,12,NA,NA
"coordinate_exchange",1811.220756,1811.220756,1811.220756,1811.220756,1811.220756,1811.220756,"prior","xlarge_c10404_t300",10404,300,2,1,"base_model","none",10404,12,NA,NA
"point_exchange",39383.680165,39383.680165,39383.680165,39383.680165,39383.680165,39383.680165,"prior","xxlarge_c30276_t300",30276,300,1,1,"base_model","none",30276,12,NA,NA
"coordinate_exchange",1046.718643,1046.718643,1046.718643,1046.718643,1046.718643,1046.718643,"prior","xxlarge_c30276_t300",30276,300,1,1,"base_model","none",30276,12,NA,NA
"point_exchange",2681.295819,2681.295819,2730.5562735,2730.5562735,2779.816728,2779.816728,"scaling_candidate_rows","cand_rows_225",225,300,8,2,"base_model","none",225,12,NA,NA
"coordinate_exchange",6762.216141,6762.216141,7012.067025,7012.067025,7261.917909,7261.917909,"scaling_candidate_rows","cand_rows_225",225,300,8,2,"base_model","none",225,12,NA,NA
"point_exchange",4955.316867,4955.316867,4960.3406995,4960.3406995,4965.364532,4965.364532,"scaling_candidate_rows","cand_rows_441",441,300,8,2,"base_model","none",441,12,NA,NA
"coordinate_exchange",6964.605097,6964.605097,7001.4205755,7001.4205755,7038.236054,7038.236054,"scaling_candidate_rows","cand_rows_441",441,300,8,2,"base_model","none",441,12,NA,NA
"point_exchange",11767.425498,11767.425498,11844.381514,11844.381514,11921.33753,11921.33753,"scaling_candidate_rows","cand_rows_1089",1089,300,8,2,"base_model","none",1089,12,NA,NA
"coordinate_exchange",6945.308324,6945.308324,7005.255941,7005.255941,7065.203558,7065.203558,"scaling_candidate_rows","cand_rows_1089",1089,300,8,2,"base_model","none",1089,12,NA,NA
"point_exchange",26146.434433,26146.434433,26193.009408,26193.009408,26239.584383,26239.584383,"scaling_candidate_rows","cand_rows_3969",3969,300,5,2,"base_model","none",3969,12,NA,NA
"coordinate_exchange",4318.871653,4318.871653,4477.3969845,4477.3969845,4635.922316,4635.922316,"scaling_candidate_rows","cand_rows_3969",3969,300,5,2,"base_model","none",3969,12,NA,NA
"point_exchange",40922.506146,40922.506146,40922.506146,40922.506146,40922.506146,40922.506146,"scaling_candidate_rows","cand_rows_10404",10404,300,3,1,"base_model","none",10404,12,NA,NA
"coordinate_exchange",2727.92188,2727.92188,2727.92188,2727.92188,2727.92188,2727.92188,"scaling_candidate_rows","cand_rows_10404",10404,300,3,1,"base_model","none",10404,12,NA,NA
"point_exchange",79453.111201,79453.111201,79453.111201,79453.111201,79453.111201,79453.111201,"scaling_candidate_rows","cand_rows_30276",30276,300,2,1,"base_model","none",30276,12,NA,NA
"coordinate_exchange",1962.746506,1962.746506,1962.746506,1962.746506,1962.746506,1962.746506,"scaling_candidate_rows","cand_rows_30276",30276,300,2,1,"base_model","none",30276,12,NA,NA
"point_exchange",78607.704977,78607.704977,78607.704977,78607.704977,78607.704977,78607.704977,"scaling_constraints","c0_none",30276,300,2,1,"base_model","c0_none",30276,12,0,1
"point_exchange",96902.899391,96902.899391,96902.899391,96902.899391,96902.899391,96902.899391,"scaling_constraints","c1_x1x2_le_0.8",30276,300,2,1,"base_model","c1_x1x2_le_0.8",24606,12,1,0.812722948870392
"point_exchange",67069.351153,67069.351153,67069.351153,67069.351153,67069.351153,67069.351153,"scaling_constraints","c2_x1x2_le_0.4",30276,300,2,1,"base_model","c2_x1x2_le_0.4",20547,12,2,0.678656361474435
"point_exchange",60648.89986,60648.89986,60648.89986,60648.89986,60648.89986,60648.89986,"scaling_constraints","c3_x1x2_le_0.0",30276,300,2,1,"base_model","c3_x1x2_le_0.0",15399,12,3,0.508620689655172
"point_exchange",57316.055288,57316.055288,57316.055288,57316.055288,57316.055288,57316.055288,"scaling_constraints","c4_x1x2_le_m0.4",30276,300,3,1,"base_model","c4_x1x2_le_m0.4",9729,12,4,0.321343638525565
"point_exchange",22320.604508,22320.604508,22320.604508,22320.604508,22320.604508,22320.604508,"scaling_constraints","c5_x1x2_le_m0.8",30276,300,3,1,"base_model","c5_x1x2_le_m0.8",5670,12,5,0.187277051129608
"coordinate_exchange",1934.606853,1934.606853,1934.606853,1934.606853,1934.606853,1934.606853,"scaling_constraints","c0_none",30276,300,2,1,"base_model","c0_none",30276,12,0,1
"coordinate_exchange",3017.893027,3017.893027,3017.893027,3017.893027,3017.893027,3017.893027,"scaling_constraints","c1_x1x2_le_0.8",30276,300,2,1,"base_model","c1_x1x2_le_0.8",24606,12,1,0.812722948870392
"coordinate_exchange",3126.112527,3126.112527,3126.112527,3126.112527,3126.112527,3126.112527,"scaling_constraints","c2_x1x2_le_0.4",30276,300,2,1,"base_model","c2_x1x2_le_0.4",20547,12,2,0.678656361474435
"coordinate_exchange",2972.50738,2972.50738,2972.50738,2972.50738,2972.50738,2972.50738,"scaling_constraints","c3_x1x2_le_0.0",30276,300,2,1,"base_model","c3_x1x2_le_0.0",15399,12,3,0.508620689655172
"coordinate_exchange",6670.916316,6670.916316,6670.916316,6670.916316,6670.916316,6670.916316,"scaling_constraints","c4_x1x2_le_m0.4",30276,300,3,1,"base_model","c4_x1x2_le_m0.4",9729,12,4,0.321343638525565
"coordinate_exchange",4080.439638,4080.439638,4080.439638,4080.439638,4080.439638,4080.439638,"scaling_constraints","c5_x1x2_le_m0.8",30276,300,3,1,"base_model","c5_x1x2_le_m0.8",5670,12,5,0.187277051129608
"point_exchange",7403.573114,7403.573114,7403.573114,7403.573114,7403.573114,7403.573114,"scaling_model_complexity","m1_main",10404,120,2,1,"m1_main","none",10404,7,NA,NA
"coordinate_exchange",751.930324,751.930324,751.930324,751.930324,751.930324,751.930324,"scaling_model_complexity","m1_main",10404,120,2,1,"m1_main","none",10404,7,NA,NA
"point_exchange",19981.562995,19981.562995,19981.562995,19981.562995,19981.562995,19981.562995,"scaling_model_complexity","m2_two_way_full",10404,120,2,1,"m2_two_way_full","none",10404,20,NA,NA
"coordinate_exchange",891.029835,891.029835,891.029835,891.029835,891.029835,891.029835,"scaling_model_complexity","m2_two_way_full",10404,120,2,1,"m2_two_way_full","none",10404,20,NA,NA
"point_exchange",24817.084545,24817.084545,24817.084545,24817.084545,24817.084545,24817.084545,"scaling_model_complexity","m5_rich_poly3",10404,120,1,1,"m5_rich_poly3","none",10404,24,NA,NA
"coordinate_exchange",891.858609,891.858609,891.858609,891.858609,891.858609,891.858609,"scaling_model_complexity","m5_rich_poly3",10404,120,1,1,"m5_rich_poly3","none",10404,24,NA,NA
"point_exchange",18820.553121,18820.553121,18820.553121,18820.553121,18820.553121,18820.553121,"scaling_model_complexity","m3_three_way_full",10404,120,1,1,"m3_three_way_full","none",10404,32,NA,NA
"coordinate_exchange",583.062722,583.062722,583.062722,583.062722,583.062722,583.062722,"scaling_model_complexity","m3_three_way_full",10404,120,1,1,"m3_three_way_full","none",10404,32,NA,NA
"point_exchange",22848.665935,22848.665935,22848.665935,22848.665935,22848.665935,22848.665935,"scaling_model_complexity","m4_four_way_full",10404,120,1,1,"m4_four_way_full","none",10404,36,NA,NA
"coordinate_exchange",652.392123,652.392123,652.392123,652.392123,652.392123,652.392123,"scaling_model_complexity","m4_four_way_full",10404,120,1,1,"m4_four_way_full","none",10404,36,NA,NA
"point_exchange",6443.542862,6443.542862,6453.064292,6453.064292,6462.585722,6462.585722,"scaling_trials","trial_12",10404,12,10,2,"base_model","none",10404,12,NA,NA
"coordinate_exchange",1415.707409,1415.707409,1420.901248,1420.901248,1426.095087,1426.095087,"scaling_trials","trial_12",10404,12,10,2,"base_model","none",10404,12,NA,NA
"point_exchange",14690.719061,14690.719061,14740.1529865,14740.1529865,14789.586912,14789.586912,"scaling_trials","trial_24",10404,24,10,2,"base_model","none",10404,12,NA,NA
"coordinate_exchange",2429.483536,2429.483536,2437.2966805,2437.2966805,2445.109825,2445.109825,"scaling_trials","trial_24",10404,24,10,2,"base_model","none",10404,12,NA,NA
"point_exchange",16490.547721,16490.547721,16501.880531,16501.880531,16513.213341,16513.213341,"scaling_trials","trial_36",10404,36,10,2,"base_model","none",10404,12,NA,NA
"coordinate_exchange",1335.079474,1335.079474,1411.066701,1411.066701,1487.053928,1487.053928,"scaling_trials","trial_36",10404,36,10,2,"base_model","none",10404,12,NA,NA
"point_exchange",18534.656841,18534.656841,18605.802993,18605.802993,18676.949145,18676.949145,"scaling_trials","trial_48",10404,48,8,2,"base_model","none",10404,12,NA,NA
"coordinate_exchange",1797.078749,1797.078749,1798.109161,1798.109161,1799.139573,1799.139573,"scaling_trials","trial_48",10404,48,8,2,"base_model","none",10404,12,NA,NA
"point_exchange",26274.279772,26274.279772,26370.9942005,26370.9942005,26467.708629,26467.708629,"scaling_trials","trial_72",10404,72,8,2,"base_model","none",10404,12,NA,NA
"coordinate_exchange",2100.770095,2100.770095,2163.6710855,2163.6710855,2226.572076,2226.572076,"scaling_trials","trial_72",10404,72,8,2,"base_model","none",10404,12,NA,NA
"point_exchange",34714.678639,34714.678639,34846.6043185,34846.6043185,34978.529998,34978.529998,"scaling_trials","trial_96",10404,96,8,2,"base_model","none",10404,12,NA,NA
"coordinate_exchange",2309.791621,2309.791621,2310.4597365,2310.4597365,2311.127852,2311.127852,"scaling_trials","trial_96",10404,96,8,2,"base_model","none",10404,12,NA,NA
"point_exchange",52401.042364,52401.042364,52531.8329175,52531.8329175,52662.623471,52662.623471,"scaling_trials","trial_192",10404,192,6,2,"base_model","none",10404,12,NA,NA
"coordinate_exchange",3521.891308,3521.891308,3553.37939,3553.37939,3584.867472,3584.867472,"scaling_trials","trial_192",10404,192,6,2,"base_model","none",10404,12,NA,NA
"point_exchange",70015.479912,70015.479912,70015.479912,70015.479912,70015.479912,70015.479912,"scaling_trials","trial_384",10404,384,4,1,"base_model","none",10404,12,NA,NA
"coordinate_exchange",4854.729804,4854.729804,4854.729804,4854.729804,4854.729804,4854.729804,"scaling_trials","trial_384",10404,384,4,1,"base_model","none",10404,12,NA,NA
"point_exchange",91691.941292,91691.941292,91691.941292,91691.941292,91691.941292,91691.941292,"scaling_trials","trial_1000",10404,1000,2,1,"base_model","none",10404,12,NA,NA
"coordinate_exchange",6027.694786,6027.694786,6027.694786,6027.694786,6027.694786,6027.694786,"scaling_trials","trial_1000",10404,1000,2,1,"base_model","none",10404,12,NA,NA
"point_exchange",137393.136469,137393.136469,137393.136469,137393.136469,137393.136469,137393.136469,"scaling_trials","trial_3000",10404,3000,1,1,"base_model","none",10404,12,NA,NA
"coordinate_exchange",9532.376139,9532.376139,9532.376139,9532.376139,9532.376139,9532.376139,"scaling_trials","trial_3000",10404,3000,1,1,"base_model","none",10404,12,NA,NA
