"scenario_id","iteration","seed","trial_size","candidate_size","interactions","quadratic","nominal_levels","density","candidate_rows","p_cols","trials","repeats","method_point","runtime_ms_point","d_opt_point","error_point","method_ce","runtime_ms_ce","d_opt_ce","error_ce","d_opt_diff_ce_minus_point","d_opt_ratio_ce_over_point","runtime_ratio_point_over_ce","both_ok"
1,1,100101,"small","small","none","none",3,"low",27,5,7,18,"point_exchange",14.00000000001,96.1675838953885,NA,"coordinate_exchange",328.999999999979,96.1675838953885,NA,0,1,0.0425531914893948,TRUE
1,2,100102,"small","small","none","none",3,"low",27,5,7,18,"point_exchange",12.9999999999768,96.1675838953885,NA,"coordinate_exchange",326.999999999998,96.1675838953885,NA,0,1,0.0397553516818865,TRUE
10,1,101001,"small","small","none","some",4,"high",1764,7,9,8,"point_exchange",36.9999999999777,71.057666040273,NA,"coordinate_exchange",369,71.057666040273,NA,2.8421709430404e-14,1,0.100271002709967,TRUE
10,2,101002,"small","small","none","some",4,"high",1764,7,9,8,"point_exchange",34.9999999999966,71.057666040273,NA,"coordinate_exchange",364.000000000004,71.057666040273,NA,0,1,0.0961538461538356,TRUE
100,1,110001,"large","small","some","none",5,"high",2205,12,23,5,"point_exchange",40.99999999994,97.7665987513457,NA,"coordinate_exchange",466.000000000008,97.7665987513457,NA,4.2632564145606e-14,1,0.0879828326178954,TRUE
100,2,110002,"large","small","some","none",5,"high",2205,12,23,5,"point_exchange",43.0000000000064,97.7665987513457,NA,"coordinate_exchange",452.999999999975,97.7665987513457,NA,0,1,0.0949227373068627,TRUE
101,1,110101,"large","small","some","some",3,"high",1323,9,18,8,"point_exchange",39.9999999999636,72.2697166516095,NA,"coordinate_exchange",389.999999999986,72.2697166516095,NA,0,1,0.102564102564013,TRUE
101,2,110102,"large","small","some","some",3,"high",1323,9,18,8,"point_exchange",41.0000000000537,72.2697166516095,NA,"coordinate_exchange",363.999999999919,72.2697166516095,NA,0,1,0.112637362637535,TRUE
102,1,110201,"large","small","some","some",4,"low",36,11,21,12,"point_exchange",21.9999999999345,75.7447649340081,NA,"coordinate_exchange",1276.00000000007,75.7447649340081,NA,0,1,0.0172413793102926,TRUE
102,2,110202,"large","small","some","some",4,"low",36,11,21,12,"point_exchange",23.0000000000246,75.7447649340081,NA,"coordinate_exchange",1385.99999999997,75.7447649340081,NA,0,1,0.0165945165945347,TRUE
103,1,110301,"large","small","some","some",4,"high",1764,11,21,5,"point_exchange",42.00000000003,75.7447649340081,NA,"coordinate_exchange",243.000000000052,75.7447649340081,NA,0,1,0.172839506172926,TRUE
103,2,110302,"large","small","some","some",4,"high",1764,11,21,5,"point_exchange",40.99999999994,75.7447649340081,NA,"coordinate_exchange",264.00000000001,75.7447649340081,NA,0,1,0.155303030302797,TRUE
104,1,110401,"large","small","some","some",5,"low",45,13,25,12,"point_exchange",21.9999999999345,78.0662916539105,NA,"coordinate_exchange",778.00000000002,78.0662916539104,NA,-7.105427357601e-14,0.999999999999999,0.0282776349613547,TRUE
104,2,110402,"large","small","some","some",5,"low",45,13,25,12,"point_exchange",24.0000000000009,78.0662916539104,NA,"coordinate_exchange",768.000000000029,78.0662916539104,NA,0,1,0.03125,TRUE
105,1,110501,"large","small","some","many",3,"low",27,10,19,12,"point_exchange",19.0000000000055,60.2581295576004,NA,"coordinate_exchange",564.000000000078,60.2581295576004,NA,0,1,0.0336879432624164,TRUE
105,2,110502,"large","small","some","many",3,"low",27,10,19,12,"point_exchange",17.0000000000528,60.2581295576004,NA,"coordinate_exchange",565.999999999917,60.2581295576004,NA,0,1,0.0300353356891435,TRUE
106,1,110601,"large","small","some","many",4,"low",36,12,23,12,"point_exchange",24.9999999999773,63.9113980718327,NA,"coordinate_exchange",1472.99999999996,63.9113980718327,NA,0,1,0.0169721656483218,TRUE
106,2,110602,"large","small","some","many",4,"low",36,12,23,12,"point_exchange",21.0000000000719,63.9113980718327,NA,"coordinate_exchange",1478.99999999993,63.9113980718327,NA,0,1,0.0141987829615097,TRUE
107,1,110701,"large","small","some","many",4,"high",1764,12,23,5,"point_exchange",44.9999999999591,63.9995626046667,NA,"coordinate_exchange",421.000000000049,63.9970330584314,NA,-0.00252954623530854,0.999960475569951,0.106888361045021,TRUE
107,2,110702,"large","small","some","many",4,"high",1764,12,23,5,"point_exchange",46.0000000000491,63.9995626046667,NA,"coordinate_exchange",423.000000000002,63.9970330584314,NA,-0.00252954623528012,0.999960475569952,0.108747044917373,TRUE
108,1,110801,"large","small","some","many",5,"low",45,14,27,12,"point_exchange",19.9999999999818,66.9211907866778,NA,"coordinate_exchange",1529,66.9211907866778,NA,0,1,0.0130804447351091,TRUE
108,2,110802,"large","small","some","many",5,"low",45,14,27,12,"point_exchange",27.0000000000437,66.9211907866778,NA,"coordinate_exchange",1554.99999999995,66.9211907866778,NA,0,1,0.0173633440514756,TRUE
109,1,110901,"large","small","some","many",5,"high",2205,14,27,5,"point_exchange",72.0000000000027,67.0687686104879,NA,"coordinate_exchange",613.000000000056,67.0203508609602,NA,-0.0484177495276867,0.99927808799042,0.11745513866231,TRUE
109,2,110902,"large","small","some","many",5,"high",2205,14,27,5,"point_exchange",76.0000000000218,67.0687686104879,NA,"coordinate_exchange",617.999999999938,67.0203508609602,NA,-0.0484177495276867,0.99927808799042,0.122977346278365,TRUE
11,1,101101,"small","small","none","some",5,"low",45,8,10,18,"point_exchange",19.9999999999818,71.9724956370328,NA,"coordinate_exchange",602.000000000004,71.9724956370328,NA,0,1,0.0332225913620958,TRUE
11,2,101102,"small","small","none","some",5,"low",45,8,10,18,"point_exchange",16.9999999999959,71.9724956370328,NA,"coordinate_exchange",605.000000000018,71.9724956370328,NA,0,1,0.0280991735537114,TRUE
110,1,111001,"large","small","many","none",3,"high",1323,10,19,8,"point_exchange",38.0000000000109,95.7294673585515,NA,"coordinate_exchange",341.999999999985,95.7294673585514,NA,-8.5265128291212e-14,0.999999999999999,0.111111111111148,TRUE
110,2,111002,"large","small","many","none",3,"high",1323,10,19,8,"point_exchange",35.9999999999445,95.7294673585515,NA,"coordinate_exchange",341.000000000008,95.7294673585514,NA,-4.2632564145606e-14,1,0.105571847507166,TRUE
111,1,111101,"large","small","many","none",4,"low",36,13,25,12,"point_exchange",23.0000000000246,95.7838789095482,NA,"coordinate_exchange",1182.99999999999,95.7838789095482,NA,0,1,0.0194420963651942,TRUE
111,2,111102,"large","small","many","none",4,"low",36,13,25,12,"point_exchange",21.9999999999345,95.7838789095482,NA,"coordinate_exchange",1282.00000000004,95.7838789095482,NA,0,1,0.0171606864274055,TRUE
112,1,111201,"large","small","many","none",4,"high",1764,13,25,5,"point_exchange",43.0000000000064,95.7838789095482,NA,"coordinate_exchange",177.000000000021,95.7838789095482,NA,0,1,0.242937853107352,TRUE
112,2,111202,"large","small","many","none",4,"high",1764,13,25,5,"point_exchange",41.0000000000537,95.7838789095482,NA,"coordinate_exchange",192.999999999984,95.7838789095482,NA,0,1,0.212435233160918,TRUE
113,1,111301,"large","small","many","none",5,"low",45,16,31,12,"point_exchange",26.0000000000673,95.8313255772348,NA,"coordinate_exchange",1046.99999999991,95.8313255772348,NA,-4.2632564145606e-14,1,0.0248328557784809,TRUE
113,2,111302,"large","small","many","none",5,"low",45,16,31,12,"point_exchange",26.99999999993,95.8313255772348,NA,"coordinate_exchange",1053.99999999997,95.8313255772348,NA,5.6843418860808e-14,1,0.0256166982921543,TRUE
114,1,111401,"large","small","many","some",3,"low",27,11,21,12,"point_exchange",18.0000000000291,75.3486505806044,NA,"coordinate_exchange",798.000000000002,75.3486505806044,NA,-4.2632564145606e-14,1,0.02255639097748,TRUE
114,2,111402,"large","small","many","some",3,"low",27,11,21,12,"point_exchange",21.9999999999345,75.3486505806044,NA,"coordinate_exchange",814.000000000078,75.3486505806044,NA,-4.2632564145606e-14,1,0.027027027026944,TRUE
115,1,111501,"large","small","many","some",4,"low",36,14,27,12,"point_exchange",21.9999999999345,78.7314551143865,NA,"coordinate_exchange",1420.00000000007,78.7314551143865,NA,-4.2632564145606e-14,1,0.015492957746432,TRUE
115,2,111502,"large","small","many","some",4,"low",36,14,27,12,"point_exchange",20.9999999999582,78.7314551143865,NA,"coordinate_exchange",1384.00000000001,78.7314551143865,NA,-4.2632564145606e-14,1,0.0151734104045939,TRUE
116,1,111601,"large","small","many","some",5,"low",45,17,33,12,"point_exchange",34.0000000001055,80.7798609603696,NA,"coordinate_exchange",1642.99999999992,80.7798609603695,NA,-5.6843418860808e-14,0.999999999999999,0.0206938527085254,TRUE
116,2,111602,"large","small","many","some",5,"low",45,17,33,12,"point_exchange",28.00000000002,80.7798609603695,NA,"coordinate_exchange",1687.99999999999,80.7798609603695,NA,0,1,0.0165876777251305,TRUE
117,1,111701,"large","small","many","some",5,"high",2205,17,33,5,"point_exchange",86.9999999999891,80.7798609603696,NA,"coordinate_exchange",405.999999999949,80.7798609603695,NA,-9.9475983006414e-14,0.999999999999999,0.214285714285714,TRUE
117,2,111702,"large","small","many","some",5,"high",2205,17,33,5,"point_exchange",92.9999999999609,80.7798609603695,NA,"coordinate_exchange",417.00000000003,80.7798609603695,NA,0,1,0.223021582733703,TRUE
118,1,111801,"large","small","many","many",3,"low",27,12,23,12,"point_exchange",23.0000000000246,62.1753665285168,NA,"coordinate_exchange",906.999999999925,62.1753665285169,NA,2.1316282072803e-14,1,0.0253583241455639,TRUE
118,2,111802,"large","small","many","many",3,"low",27,12,23,12,"point_exchange",19.9999999999818,62.1753665285169,NA,"coordinate_exchange",903.00000000002,62.1753665285169,NA,0,1,0.0221483942413969,TRUE
119,1,111901,"large","small","many","many",3,"high",1323,12,23,8,"point_exchange",62.0000000000118,62.1858082614388,NA,"coordinate_exchange",629.999999999995,62.1858082614388,NA,0,1,0.0984126984127179,TRUE
119,2,111902,"large","small","many","many",3,"high",1323,12,23,8,"point_exchange",62.0000000000118,62.1858082614388,NA,"coordinate_exchange",658.999999999992,62.1858082614388,NA,0,1,0.0940819423368932,TRUE
12,1,101201,"small","small","none","many",3,"low",27,7,9,18,"point_exchange",10.0000000000193,57.9503502148252,NA,"coordinate_exchange",439.999999999998,57.9503502148252,NA,0,1,0.0227272727273168,TRUE
12,2,101202,"small","small","none","many",3,"low",27,7,9,18,"point_exchange",9.00000000001455,57.9503502148252,NA,"coordinate_exchange",442.999999999984,57.9503502148252,NA,0,1,0.0203160270880697,TRUE
120,1,112001,"large","small","many","many",4,"high",1764,15,29,5,"point_exchange",62.9999999999882,65.9966474402849,NA,"coordinate_exchange",480.999999999995,65.9966474402849,NA,-2.8421709430404e-14,1,0.130977130977108,TRUE
120,2,112002,"large","small","many","many",4,"high",1764,15,29,5,"point_exchange",62.0000000000118,65.9966474402849,NA,"coordinate_exchange",474.000000000046,65.9966474402849,NA,0,1,0.130801687763725,TRUE
121,1,112101,"large","small","many","many",5,"high",2205,18,35,5,"point_exchange",103.999999999928,68.9985249467985,NA,"coordinate_exchange",552.000000000021,68.9564338245277,NA,-0.04209112227079,0.999389970694254,0.188405797101312,TRUE
121,2,112102,"large","small","many","many",5,"high",2205,18,35,5,"point_exchange",105.999999999995,68.9985249467985,NA,"coordinate_exchange",543.000000000006,68.9564338245277,NA,-0.04209112227079,0.999389970694254,0.195211786371995,TRUE
122,1,112201,"large","large","none","none",3,"low",81,7,15,12,"point_exchange",19.0000000000055,97.6655692961632,NA,"coordinate_exchange",575.000000000045,97.6655692961632,NA,0,1,0.0330434782608764,TRUE
122,2,112202,"large","large","none","none",3,"low",81,7,15,12,"point_exchange",19.9999999999818,97.6655692961632,NA,"coordinate_exchange",572.000000000003,97.6655692961632,NA,0,1,0.034965034965003,TRUE
123,1,112301,"large","large","none","none",4,"low",144,9,18,12,"point_exchange",21.9999999999345,98.1389313802882,NA,"coordinate_exchange",802.000000000021,98.1389313802882,NA,-2.8421709430404e-14,1,0.0274314214463017,TRUE
123,2,112302,"large","large","none","none",4,"low",144,9,18,12,"point_exchange",21.0000000000719,98.1389313802882,NA,"coordinate_exchange",805.999999999926,98.1389313802882,NA,-2.8421709430404e-14,1,0.0260545905708111,TRUE
124,1,112401,"large","large","none","none",5,"low",225,11,21,12,"point_exchange",25.9999999999536,97.539237922719,NA,"coordinate_exchange",1346.99999999998,97.539237922719,NA,0,1,0.0193021529324083,TRUE
124,2,112402,"large","large","none","none",5,"low",225,11,21,12,"point_exchange",27.9999999999063,97.539237922719,NA,"coordinate_exchange",1313.0000000001,97.539237922719,NA,0,1,0.0213252094439483,TRUE
125,1,112501,"large","large","none","none",5,"high",11025,11,21,4,"point_exchange",150.999999999954,97.539237922719,NA,"coordinate_exchange",379.999999999995,97.539237922719,NA,-8.5265128291212e-14,0.999999999999999,0.397368421052514,TRUE
125,2,112502,"large","large","none","none",5,"high",11025,11,21,4,"point_exchange",171.999999999912,97.539237922719,NA,"coordinate_exchange",360.000000000014,97.539237922719,NA,-8.5265128291212e-14,0.999999999999999,0.477777777777515,TRUE
126,1,112601,"large","large","none","some",3,"low",81,8,16,12,"point_exchange",22.9999999999109,76.7538390834865,NA,"coordinate_exchange",733.000000000061,76.7538390834865,NA,-2.8421709430404e-14,1,0.0313778990448963,TRUE
126,2,112602,"large","large","none","some",3,"low",81,8,16,12,"point_exchange",19.9999999999818,76.7538390834865,NA,"coordinate_exchange",728.000000000065,76.7538390834865,NA,0,1,0.0274725274725,TRUE
127,1,112701,"large","large","none","some",3,"high",3969,8,16,5,"point_exchange",60.0000000000591,76.8955304833259,NA,"coordinate_exchange",353.999999999928,76.8568917503156,NA,-0.0386387330103872,0.999497516529667,0.16949152542393,TRUE
127,2,112702,"large","large","none","some",3,"high",3969,8,16,5,"point_exchange",74.0000000000691,76.8699915092909,NA,"coordinate_exchange",360.99999999999,76.8568917503156,NA,-0.0130997589753861,0.999829585528524,0.204986149584685,TRUE
128,1,112801,"large","large","none","some",4,"low",144,10,19,12,"point_exchange",17.0000000000528,80.1024032459555,NA,"coordinate_exchange",993.999999999915,80.1024032459554,NA,-8.5265128291212e-14,0.999999999999999,0.0171026156942195,TRUE
128,2,112802,"large","large","none","some",4,"low",144,10,19,12,"point_exchange",16.9999999999391,80.1024032459554,NA,"coordinate_exchange",971.000000000004,80.1024032459554,NA,-4.2632564145606e-14,1,0.0175077239958177,TRUE
129,1,112901,"large","large","none","some",4,"high",7056,10,19,4,"point_exchange",109.000000000037,80.1246442796969,NA,"coordinate_exchange",481.999999999971,80.0669706452405,NA,-0.0576736344564068,0.999280201054558,0.226141078838265,TRUE
129,2,112902,"large","large","none","some",4,"high",7056,10,19,4,"point_exchange",106.999999999971,80.1214155188136,NA,"coordinate_exchange",486.000000000104,80.0669706452405,NA,-0.0544448735730896,0.999320470398326,0.220164609053391,TRUE
13,1,101301,"small","small","none","many",3,"high",1323,7,9,12,"point_exchange",34.9999999999966,57.9503502148252,NA,"coordinate_exchange",426.999999999992,57.9503502148252,NA,0,1,0.0819672131147476,TRUE
13,2,101302,"small","small","none","many",3,"high",1323,7,9,12,"point_exchange",34.0000000000202,57.9503502148252,NA,"coordinate_exchange",420.999999999992,57.9503502148252,NA,0,1,0.080760095011926,TRUE
130,1,113001,"large","large","none","some",5,"high",11025,12,23,4,"point_exchange",236.999999999966,82.741137865413,NA,"coordinate_exchange",564.000000000078,82.8015411163425,NA,0.0604032509294967,1.00073002683415,0.420212765957329,TRUE
130,2,113002,"large","large","none","some",5,"high",11025,12,23,4,"point_exchange",289.999999999964,82.7955555283537,NA,"coordinate_exchange",567.000000000007,82.8015411163425,NA,0.00598558798880333,1.00007229359053,0.511463844797107,TRUE
131,1,113101,"large","large","none","many",3,"high",3969,9,18,5,"point_exchange",79.0000000000646,65.4199597676704,NA,"coordinate_exchange",485.99999999999,64.6659894594334,NA,-0.753970308237072,0.988474919414278,0.162551440329354,TRUE
131,2,113102,"large","large","none","many",3,"high",3969,9,18,5,"point_exchange",77.9999999999745,65.4199597676704,NA,"coordinate_exchange",589.000000000055,64.6659894594334,NA,-0.753970308237072,0.988474919414278,0.132427843803,TRUE
132,1,113201,"large","large","none","many",4,"low",144,11,21,12,"point_exchange",24.0000000000009,68.557504266278,NA,"coordinate_exchange",1345.00000000003,68.557504266278,NA,4.2632564145606e-14,1,0.017843866171004,TRUE
132,2,113202,"large","large","none","many",4,"low",144,11,21,12,"point_exchange",15.9999999999627,68.557504266278,NA,"coordinate_exchange",1373.00000000005,68.557504266278,NA,4.2632564145606e-14,1,0.0116533139111159,TRUE
133,1,113301,"large","large","none","many",4,"high",7056,11,21,4,"point_exchange",157.999999999902,68.5877996988257,NA,"coordinate_exchange",738.000000000056,68.415254576938,NA,-0.172545121887623,0.997484317580601,0.21409214092126,TRUE
133,2,113302,"large","large","none","many",4,"high",7056,11,21,4,"point_exchange",153.00000000002,68.5202020749651,NA,"coordinate_exchange",750.999999999976,68.415254576938,NA,-0.10494749802703,0.998468371445954,0.203728362183788,TRUE
134,1,113401,"large","large","none","many",5,"low",225,13,25,12,"point_exchange",27.0000000000437,72.6491340262207,NA,"coordinate_exchange",1608.00000000006,72.6491340262207,NA,0,1,0.0167910447761459,TRUE
134,2,113402,"large","large","none","many",5,"low",225,13,25,12,"point_exchange",20.9999999999582,72.6491340262207,NA,"coordinate_exchange",1579.00000000006,72.6491340262207,NA,0,1,0.0132995566814169,TRUE
135,1,113501,"large","large","some","none",3,"high",3969,16,31,5,"point_exchange",120.000000000005,96.3031274893297,NA,"coordinate_exchange",581.999999999994,96.3031274893298,NA,4.2632564145606e-14,1,0.206185567010319,TRUE
135,2,113502,"large","large","some","none",3,"high",3969,16,31,5,"point_exchange",110.99999999999,96.3031274893297,NA,"coordinate_exchange",581.999999999994,96.3031274893298,NA,8.5265128291212e-14,1,0.190721649484521,TRUE
136,1,113601,"large","large","some","none",4,"low",144,25,48,12,"point_exchange",48.9999999999782,94.8469134213184,NA,"coordinate_exchange",4026.00000000007,94.8637953600524,NA,0.0168819387340164,1.00017799144036,0.0121708892200639,TRUE
136,2,113602,"large","large","some","none",4,"low",144,25,48,12,"point_exchange",47.0000000000255,94.8469134213182,NA,"coordinate_exchange",4076.00000000002,94.8637953600524,NA,0.0168819387341728,1.00017799144037,0.0115309126594763,TRUE
137,1,113701,"large","large","some","none",4,"high",7056,25,48,4,"point_exchange",447.999999999979,94.8469134213182,NA,"coordinate_exchange",1192.00000000001,94.8637953600524,NA,0.0168819387341728,1.00017799144037,0.375838926174477,TRUE
137,2,113702,"large","large","some","none",4,"high",7056,25,48,4,"point_exchange",472.999999999956,94.8469134213183,NA,"coordinate_exchange",1176.00000000004,94.8637953600524,NA,0.0168819387340875,1.00017799144037,0.402210884353689,TRUE
138,1,113801,"large","large","some","none",5,"low",225,36,69,12,"point_exchange",140.999999999963,94.5633406599212,NA,"coordinate_exchange",7821.00000000003,94.547298851171,NA,-0.0160418087502308,0.999830359115506,0.0180283851169879,TRUE
138,2,113802,"large","large","some","none",5,"low",225,36,69,12,"point_exchange",157.000000000039,94.5580652574276,NA,"coordinate_exchange",7971.99999999998,94.547298851171,NA,-0.0107664062566784,0.999886139736178,0.0196939287506321,TRUE
139,1,113901,"large","large","some","none",5,"high",11025,36,69,4,"point_exchange",2133.9999999999,94.5504971012177,NA,"coordinate_exchange",3050.00000000007,94.5507452050818,NA,0.000248103864137761,1.00000262403553,0.699672131147493,TRUE
139,2,113902,"large","large","some","none",5,"high",11025,36,69,4,"point_exchange",2325.00000000005,94.5584136572831,NA,"coordinate_exchange",3099.99999999991,94.5507452050818,NA,-0.00766845220130108,0.999918902486784,0.750000000000037,TRUE
14,1,101401,"small","small","none","many",4,"low",36,8,10,18,"point_exchange",15.9999999999911,57.4075555153796,NA,"coordinate_exchange",703.000000000003,57.4075555153796,NA,2.1316282072803e-14,1,0.0227596017069574,TRUE
14,2,101402,"small","small","none","many",4,"low",36,8,10,18,"point_exchange",16.9999999999959,57.4075555153796,NA,"coordinate_exchange",795.999999999992,57.4075555153796,NA,2.1316282072803e-14,1,0.0213567839195931,TRUE
140,1,114001,"large","large","some","some",3,"low",81,17,33,12,"point_exchange",20.9999999999582,82.8557077126824,NA,"coordinate_exchange",2792.00000000003,82.8365382443882,NA,-0.0191694682941801,0.99976864034086,0.00752148997133164,TRUE
140,2,114002,"large","large","some","some",3,"low",81,17,33,12,"point_exchange",22.0000000000482,82.8557077126824,NA,"coordinate_exchange",2942.00000000001,82.8365382443882,NA,-0.0191694682941801,0.99976864034086,0.00747790618628421,TRUE
141,1,114101,"large","large","some","some",3,"high",3969,17,33,5,"point_exchange",210.000000000036,82.969534656372,NA,"coordinate_exchange",948.999999999955,82.969534656372,NA,0,1,0.221285563751366,TRUE
141,2,114102,"large","large","some","some",3,"high",3969,17,33,5,"point_exchange",204.000000000065,82.969534656372,NA,"coordinate_exchange",932.000000000016,82.969534656372,NA,0,1,0.218884120171739,TRUE
142,1,114201,"large","large","some","some",4,"high",7056,26,50,4,"point_exchange",690.000000000055,86.1602982713078,NA,"coordinate_exchange",2001.99999999995,86.1388833067142,NA,-0.0214149645936743,0.999751452060597,0.34465534465538,TRUE
142,2,114202,"large","large","some","some",4,"high",7056,26,50,4,"point_exchange",543.000000000006,86.2426601855202,NA,"coordinate_exchange",1989.00000000003,86.1388833067142,NA,-0.103776878805988,0.998796687409888,0.273001508295625,TRUE
143,1,114301,"large","large","some","many",3,"high",3969,18,35,5,"point_exchange",221.99999999998,71.5249507060369,NA,"coordinate_exchange",1024.99999999998,71.4692940446132,NA,-0.0556566614236829,0.999221856696519,0.216585365853644,TRUE
143,2,114302,"large","large","some","many",3,"high",3969,18,35,5,"point_exchange",192.999999999984,71.6013208165081,NA,"coordinate_exchange",1040.99999999994,71.4692940446132,NA,-0.132026771894886,0.998156084686856,0.185398655139284,TRUE
144,1,114401,"large","large","some","many",4,"high",7056,27,52,4,"point_exchange",1216.00000000001,77.7841190447039,NA,"coordinate_exchange",2726.99999999998,77.7814357940021,NA,-0.00268325070176445,0.999965503874895,0.445911257792453,TRUE
144,2,114402,"large","large","some","many",4,"high",7056,27,52,4,"point_exchange",1168.99999999998,77.8013866016873,NA,"coordinate_exchange",2849.00000000005,77.7814357940021,NA,-0.0199508076852197,0.999743567453529,0.410319410319398,TRUE
145,1,114501,"large","large","some","many",5,"low",225,38,73,12,"point_exchange",262.000000000057,81.864974134046,NA,"coordinate_exchange",12454.9999999999,81.3675828750141,NA,-0.497391259031971,0.993924248260098,0.0210357286230477,TRUE
145,2,114502,"large","large","some","many",5,"low",225,38,73,12,"point_exchange",253.999999999905,81.9067416519501,NA,"coordinate_exchange",12537,81.3675828750141,NA,-0.539158776936048,0.993417406600947,0.020260030310274,TRUE
146,1,114601,"large","large","some","many",5,"high",11025,38,73,4,"point_exchange",4110.99999999999,81.8794772951973,NA,"coordinate_exchange",3115.99999999999,81.6118578293971,NA,-0.267619465800252,0.996731544037153,1.31931964056483,TRUE
146,2,114602,"large","large","some","many",5,"high",11025,38,73,4,"point_exchange",4596.99999999998,81.8717261932402,NA,"coordinate_exchange",3242.00000000008,81.6118578293971,NA,-0.259868363843111,0.996825908333363,1.41795188155456,TRUE
147,1,114701,"large","large","many","none",3,"low",81,20,38,12,"point_exchange",45.9999999999354,99.0164739618135,NA,"coordinate_exchange",1983.00000000006,99.0148950161058,NA,-0.0015789457076778,0.999984053706979,0.0231971759959324,TRUE
147,2,114702,"large","large","many","none",3,"low",81,20,38,12,"point_exchange",42.00000000003,99.0164739618135,NA,"coordinate_exchange",1952,99.0148950161058,NA,-0.0015789457076778,0.999984053706979,0.0215163934426383,TRUE
148,1,114801,"large","large","many","none",3,"high",3969,20,38,5,"point_exchange",138.000000000034,99.0164739618135,NA,"coordinate_exchange",509.999999999991,99.014895016106,NA,-0.0015789457075357,0.999984053706981,0.270588235294188,TRUE
148,2,114802,"large","large","many","none",3,"high",3969,20,38,5,"point_exchange",138.000000000034,99.0164739618135,NA,"coordinate_exchange",512.99999999992,99.014895016106,NA,-0.0015789457075357,0.999984053706981,0.269005847953324,TRUE
149,1,114901,"large","large","many","none",4,"low",144,31,59,12,"point_exchange",98.9999999999327,97.4560184815265,NA,"coordinate_exchange",3355.99999999999,97.4306957464947,NA,-0.0253227350317786,0.999740162429921,0.0294994040524234,TRUE
149,2,114902,"large","large","many","none",4,"low",144,31,59,12,"point_exchange",110.99999999999,97.4560184815267,NA,"coordinate_exchange",3358.00000000006,97.4306957464947,NA,-0.0253227350319776,0.999740162429919,0.033055390113159,TRUE
15,1,101501,"small","small","none","many",5,"low",45,9,12,18,"point_exchange",18.0000000000007,60.6859170007153,NA,"coordinate_exchange",693.999999999988,60.6859170007153,NA,0,1,0.0259365994236325,TRUE
15,2,101502,"small","small","none","many",5,"low",45,9,12,18,"point_exchange",18.0000000000007,60.6859170007153,NA,"coordinate_exchange",709.000000000003,60.6859170007153,NA,0,1,0.0253878702397752,TRUE
150,1,115001,"large","large","many","none",4,"high",7056,31,59,4,"point_exchange",720.000000000027,97.4560184815265,NA,"coordinate_exchange",869.000000000028,97.4560184815266,NA,9.9475983006414e-14,1,0.828538550057542,TRUE
150,2,115002,"large","large","many","none",4,"high",7056,31,59,4,"point_exchange",725.999999999999,97.4560184815265,NA,"coordinate_exchange",961.999999999989,97.4560184815266,NA,9.9475983006414e-14,1,0.754677754677762,TRUE
151,1,115101,"large","large","many","none",5,"high",11025,44,84,4,"point_exchange",3312.99999999999,95.9349609014304,NA,"coordinate_exchange",3670.99999999994,95.8383287834626,NA,-0.0966321179678289,0.998992733023917,0.902478888586229,TRUE
151,2,115102,"large","large","many","none",5,"high",11025,44,84,4,"point_exchange",3040.00000000008,95.9349609014303,NA,"coordinate_exchange",3671.99999999991,95.8383287834626,NA,-0.0966321179677436,0.998992733023918,0.827886710239692,TRUE
152,1,115201,"large","large","many","some",3,"low",81,21,40,12,"point_exchange",48.9999999999782,85.3507942837299,NA,"coordinate_exchange",2226,85.3507942837299,NA,0,1,0.0220125786163424,TRUE
152,2,115202,"large","large","many","some",3,"low",81,21,40,12,"point_exchange",50.0000000000682,85.3507942837299,NA,"coordinate_exchange",2202.99999999997,85.3507942837299,NA,0,1,0.0226963231956735,TRUE
153,1,115301,"large","large","many","some",3,"high",3969,21,40,5,"point_exchange",264.999999999986,85.3507942837299,NA,"coordinate_exchange",870.000000000005,85.1875733490975,NA,-0.163220934632363,0.998087645979137,0.304597701149408,TRUE
153,2,115302,"large","large","many","some",3,"high",3969,21,40,5,"point_exchange",209.999999999923,85.3507942837299,NA,"coordinate_exchange",866.000000000099,85.1875733490975,NA,-0.163220934632363,0.998087645979137,0.242494226327828,TRUE
154,1,115401,"large","large","many","some",4,"low",144,32,61,12,"point_exchange",67.0000000000073,88.2778950683031,NA,"coordinate_exchange",3946.00000000003,88.2769242911361,NA,-0.000970777166983794,0.999989003168163,0.0169792194627488,TRUE
154,2,115402,"large","large","many","some",4,"low",144,32,61,12,"point_exchange",96.0000000000036,88.1996719093952,NA,"coordinate_exchange",3870.99999999998,88.2769242911361,NA,0.077252381740891,1.00087588060214,0.0247997933350566,TRUE
155,1,115501,"large","large","many","some",5,"low",225,45,86,12,"point_exchange",300.000000000068,89.4772501553896,NA,"coordinate_exchange",9716.00000000001,89.4736751340931,NA,-0.00357502129651266,0.999960045472002,0.0308769040757583,TRUE
155,2,115502,"large","large","many","some",5,"low",225,45,86,12,"point_exchange",313.999999999965,89.4729622647862,NA,"coordinate_exchange",9617.99999999994,89.4736751340931,NA,0.000712869306966013,1.00000796742713,0.032647119983361,TRUE
156,1,115601,"large","large","many","some",5,"high",11025,45,86,4,"point_exchange",4489.00000000003,89.4821549760796,NA,"coordinate_exchange",3665.99999999994,89.413335600954,NA,-0.068819375125571,0.999230915089786,1.22449536279326,TRUE
156,2,115602,"large","large","many","some",5,"high",11025,45,86,4,"point_exchange",5962.99999999997,89.4641247288263,NA,"coordinate_exchange",3765.99999999996,89.413335600954,NA,-0.0507891278723207,0.999432296151935,1.5833775889538,TRUE
157,1,115701,"large","large","many","many",3,"low",81,22,42,12,"point_exchange",40.0000000000773,74.8676251045605,NA,"coordinate_exchange",2544.99999999996,74.8676251045605,NA,2.8421709430404e-14,1,0.0157170923379481,TRUE
157,2,115702,"large","large","many","many",3,"low",81,22,42,12,"point_exchange",33.9999999999918,74.8676251045605,NA,"coordinate_exchange",2517.00000000005,74.8676251045605,NA,0,1,0.0135081446166035,TRUE
158,1,115801,"large","large","many","many",4,"low",144,33,63,12,"point_exchange",82.99999999997,79.7050730192205,NA,"coordinate_exchange",6160.00000000008,79.6906369674137,NA,-0.0144360518067828,0.999818881643791,0.0134740259740209,TRUE
158,2,115802,"large","large","many","many",4,"low",144,33,63,12,"point_exchange",94.9999999999136,79.6870987708669,NA,"coordinate_exchange",6352.00000000009,79.6906369674137,NA,0.00353819654675647,1.0000444011214,0.0149559193954522,TRUE
159,1,115901,"large","large","many","many",4,"high",7056,33,63,4,"point_exchange",1389.99999999999,79.7584090249198,NA,"coordinate_exchange",1403.00000000002,79.7466517778161,NA,-0.0117572471037306,0.99985258924736,0.990734141126134,TRUE
159,2,115902,"large","large","many","many",4,"high",7056,33,63,4,"point_exchange",1287.00000000003,79.7614265183503,NA,"coordinate_exchange",1404,79.7466517778161,NA,-0.0147747405341789,0.999814763336376,0.916666666666694,TRUE
16,1,101601,"small","small","none","many",5,"high",2205,9,12,8,"point_exchange",48.9999999999782,61.0593708096783,NA,"coordinate_exchange",338.000000000022,61.0584698711136,NA,-0.000900938564690534,0.999985244876376,0.144970414201109,TRUE
16,2,101602,"small","small","none","many",5,"high",2205,9,12,8,"point_exchange",43.9999999999827,61.0345306721297,NA,"coordinate_exchange",336.000000000013,61.0584698711136,NA,0.0239391989838396,1.00039222385624,0.130952380952325,TRUE
160,1,116001,"large","large","many","many",5,"high",11025,46,88,4,"point_exchange",4831.99999999999,83.0561145319228,NA,"coordinate_exchange",3403.00000000002,83.0876321660058,NA,0.0315176340830163,1.00037947397685,1.41992359682632,TRUE
160,2,116002,"large","large","many","many",5,"high",11025,46,88,4,"point_exchange",5535.99999999994,83.213492092502,NA,"coordinate_exchange",3492.00000000008,83.0876321660058,NA,-0.125859926496233,0.998487505771825,1.58533791523477,TRUE
17,1,101701,"small","small","some","none",3,"high",1323,8,10,12,"point_exchange",31.9999999999823,91.1802822781911,NA,"coordinate_exchange",259.000000000015,91.1802822781911,NA,-2.8421709430404e-14,1,0.123552123552048,TRUE
17,2,101702,"small","small","some","none",3,"high",1323,8,10,12,"point_exchange",27.0000000000152,91.1802822781911,NA,"coordinate_exchange",245.000000000005,91.1802822781911,NA,-2.8421709430404e-14,1,0.110204081632713,TRUE
18,1,101801,"small","small","some","none",4,"low",36,10,13,18,"point_exchange",18.0000000000007,90.6297450790577,NA,"coordinate_exchange",1047,90.6297450790577,NA,-4.2632564145606e-14,1,0.0171919770773646,TRUE
18,2,101802,"small","small","some","none",4,"low",36,10,13,18,"point_exchange",18.999999999977,90.6297450790577,NA,"coordinate_exchange",1061.00000000001,90.6297450790577,NA,-4.2632564145606e-14,1,0.0179076343072355,TRUE
19,1,101901,"small","small","some","none",4,"high",1764,10,13,8,"point_exchange",32.0000000000107,90.6297450790578,NA,"coordinate_exchange",426.999999999992,90.6297450790578,NA,0,1,0.0749414519906587,TRUE
19,2,101902,"small","small","some","none",4,"high",1764,10,13,8,"point_exchange",32.0000000000107,90.6297450790578,NA,"coordinate_exchange",403.999999999996,90.6297450790578,NA,0,1,0.0792079207921064,TRUE
2,1,100201,"small","small","none","none",3,"high",1323,5,7,12,"point_exchange",23.0000000000246,96.1675838953885,NA,"coordinate_exchange",210.999999999984,96.1675838953885,NA,0,1,0.109004739336617,TRUE
2,2,100202,"small","small","none","none",3,"high",1323,5,7,12,"point_exchange",22.9999999999961,96.1675838953885,NA,"coordinate_exchange",207.999999999998,96.1675838953885,NA,4.2632564145606e-14,1,0.110576923076905,TRUE
20,1,102001,"small","small","some","none",5,"low",45,12,15,18,"point_exchange",21.9999999999914,88.6871111342158,NA,"coordinate_exchange",1234.00000000001,88.6871111342158,NA,0,1,0.0178282009724402,TRUE
20,2,102002,"small","small","some","none",5,"low",45,12,15,18,"point_exchange",26.0000000000105,88.6871111342158,NA,"coordinate_exchange",1236.99999999999,88.6871111342158,NA,0,1,0.0210185933710676,TRUE
21,1,102101,"small","small","some","none",5,"high",2205,12,15,8,"point_exchange",42.0000000000016,88.6871111342158,NA,"coordinate_exchange",780.000000000001,88.6871111342159,NA,8.5265128291212e-14,1,0.0538461538461558,TRUE
21,2,102102,"small","small","some","none",5,"high",2205,12,15,8,"point_exchange",43.9999999999827,88.6871111342158,NA,"coordinate_exchange",781.000000000006,88.6871111342159,NA,5.6843418860808e-14,1,0.0563380281689915,TRUE
22,1,102201,"small","small","some","some",3,"low",27,9,12,18,"point_exchange",18.0000000000007,69.0919659230247,NA,"coordinate_exchange",1230.99999999999,69.0919659230247,NA,0,1,0.0146222583265644,TRUE
22,2,102202,"small","small","some","some",3,"low",27,9,12,18,"point_exchange",18.0000000000007,69.0919659230247,NA,"coordinate_exchange",1196,69.0919659230247,NA,0,1,0.0150501672240809,TRUE
23,1,102301,"small","small","some","some",3,"high",1323,9,12,12,"point_exchange",35.9999999999729,69.4414919381573,NA,"coordinate_exchange",371.000000000009,69.4414919381573,NA,0,1,0.0970350404311915,TRUE
23,2,102302,"small","small","some","some",3,"high",1323,9,12,12,"point_exchange",38.0000000000109,69.4414919381573,NA,"coordinate_exchange",370.000000000005,69.4414919381573,NA,0,1,0.102702702702731,TRUE
24,1,102401,"small","small","some","some",4,"low",36,11,14,18,"point_exchange",18.0000000000007,70.4483851109752,NA,"coordinate_exchange",1497.00000000001,70.4483851109752,NA,-4.2632564145606e-14,1,0.0120240480961927,TRUE
24,2,102402,"small","small","some","some",4,"low",36,11,14,18,"point_exchange",21.9999999999914,70.4483851109752,NA,"coordinate_exchange",1584,70.4483851109752,NA,0,1,0.0138888888888834,TRUE
25,1,102501,"small","small","some","some",4,"high",1764,11,14,8,"point_exchange",50.0000000000114,70.4483851109752,NA,"coordinate_exchange",556.999999999988,69.7547045674677,NA,-0.693680543507497,0.990153350677737,0.0897666068222845,TRUE
25,2,102502,"small","small","some","some",4,"high",1764,11,14,8,"point_exchange",49.0000000000066,70.4483851109752,NA,"coordinate_exchange",546.999999999997,69.7547045674677,NA,-0.693680543507497,0.990153350677737,0.0895795246800857,TRUE
26,1,102601,"small","small","some","some",5,"low",45,13,17,18,"point_exchange",25.999999999982,72.1949929013891,NA,"coordinate_exchange",1236.00000000002,72.1949929013891,NA,0,1,0.0210355987054868,TRUE
26,2,102602,"small","small","some","some",5,"low",45,13,17,18,"point_exchange",25.999999999982,72.1949929013891,NA,"coordinate_exchange",1232,72.1949929013891,NA,-2.8421709430404e-14,1,0.0211038961038815,TRUE
27,1,102701,"small","small","some","some",5,"high",2205,13,17,8,"point_exchange",68.000000000012,72.1949929013891,NA,"coordinate_exchange",536.999999999978,72.1933377423532,NA,-0.00165515903591995,0.99997707376967,0.126629422718836,TRUE
27,2,102702,"small","small","some","some",5,"high",2205,13,17,8,"point_exchange",72.0000000000027,72.1949929013891,NA,"coordinate_exchange",562.999999999988,72.1933377423532,NA,-0.00165515903594837,0.99997707376967,0.127886323268214,TRUE
28,1,102801,"small","small","some","many",3,"low",27,10,13,18,"point_exchange",19.0000000000055,56.9608162501267,NA,"coordinate_exchange",1304,56.9608162501267,NA,0,1,0.0145705521472434,TRUE
28,2,102802,"small","small","some","many",3,"low",27,10,13,18,"point_exchange",20.0000000000102,56.9608162501267,NA,"coordinate_exchange",1293.99999999998,56.9608162501267,NA,-2.1316282072803e-14,1,0.0154559505409664,TRUE
29,1,102901,"small","small","some","many",3,"high",1323,10,13,12,"point_exchange",49.0000000000066,57.0484953103496,NA,"coordinate_exchange",526.00000000001,57.0484953103496,NA,0,1,0.0931558935361324,TRUE
29,2,102902,"small","small","some","many",3,"high",1323,10,13,12,"point_exchange",55.0000000000068,57.0484953103496,NA,"coordinate_exchange",521.999999999991,57.0484953103496,NA,0,1,0.105363984674344,TRUE
3,1,100301,"small","small","none","none",4,"low",36,6,8,18,"point_exchange",14.9999999999864,100,NA,"coordinate_exchange",508.00000000001,100,NA,0,1,0.0295275590550907,TRUE
3,2,100302,"small","small","none","none",4,"low",36,6,8,18,"point_exchange",12.0000000000005,100,NA,"coordinate_exchange",521.999999999991,100,NA,0,1,0.0229885057471277,TRUE
30,1,103001,"small","small","some","many",4,"high",1764,12,15,8,"point_exchange",49.0000000000066,59.3036811637023,NA,"coordinate_exchange",520.00000000001,59.3036811637023,NA,0,1,0.09423076923078,TRUE
30,2,103002,"small","small","some","many",4,"high",1764,12,15,8,"point_exchange",52.0000000000209,59.3036811637023,NA,"coordinate_exchange",524.999999999977,59.3036811637023,NA,-2.1316282072803e-14,1,0.0990476190476632,TRUE
31,1,103101,"small","small","some","many",5,"low",45,14,18,18,"point_exchange",30.0000000000011,61.5507687586062,NA,"coordinate_exchange",1467.99999999999,61.5507687586062,NA,0,1,0.0204359673024532,TRUE
31,2,103102,"small","small","some","many",5,"low",45,14,18,18,"point_exchange",12.0000000000005,61.5507687586062,NA,"coordinate_exchange",1495,61.5507687586062,NA,0,1,0.00802675585284309,TRUE
32,1,103201,"small","small","many","none",3,"low",27,10,13,18,"point_exchange",19.9999999999818,98.0758401705369,NA,"coordinate_exchange",1043.00000000001,98.0758401705369,NA,0,1,0.0191754554170486,TRUE
32,2,103202,"small","small","many","none",3,"low",27,10,13,18,"point_exchange",18.0000000000007,98.075840170537,NA,"coordinate_exchange",1158.99999999999,98.0758401705369,NA,-8.5265128291212e-14,0.999999999999999,0.0155306298533225,TRUE
33,1,103301,"small","small","many","none",3,"high",1323,10,13,12,"point_exchange",40.9999999999968,98.0758401705369,NA,"coordinate_exchange",673.000000000002,98.075840170537,NA,1.4210854715202e-13,1,0.06092124814264,TRUE
33,2,103302,"small","small","many","none",3,"high",1323,10,13,12,"point_exchange",34.9999999999966,98.0758401705369,NA,"coordinate_exchange",669.000000000011,98.075840170537,NA,1.4210854715202e-13,1,0.0523168908819073,TRUE
34,1,103401,"small","small","many","none",4,"high",1764,13,17,8,"point_exchange",46.999999999997,98.5232208207258,NA,"coordinate_exchange",586.999999999989,98.5232208207258,NA,-7.105427357601e-14,0.999999999999999,0.0800681431005075,TRUE
34,2,103402,"small","small","many","none",4,"high",1764,13,17,8,"point_exchange",45.9999999999923,98.5232208207258,NA,"coordinate_exchange",594.999999999999,98.5232208207258,NA,0,1,0.077310924369735,TRUE
35,1,103501,"small","small","many","some",3,"low",27,11,14,18,"point_exchange",20.0000000000102,75.5649647139447,NA,"coordinate_exchange",1206.99999999999,75.5649647139447,NA,0,1,0.0165700082850127,TRUE
35,2,103502,"small","small","many","some",3,"low",27,11,14,18,"point_exchange",19.0000000000055,75.5649647139447,NA,"coordinate_exchange",1214,75.5649647139447,NA,0,1,0.0156507413509106,TRUE
36,1,103601,"small","small","many","some",3,"high",1323,11,14,12,"point_exchange",44.9999999999875,75.5649647139447,NA,"coordinate_exchange",669.000000000011,75.5649647139447,NA,0,1,0.0672645739910116,TRUE
36,2,103602,"small","small","many","some",3,"high",1323,11,14,12,"point_exchange",44.9999999999875,75.5649647139447,NA,"coordinate_exchange",651.00000000001,75.5649647139447,NA,0,1,0.0691244239631133,TRUE
37,1,103701,"small","small","many","some",4,"low",36,14,18,18,"point_exchange",25.0000000000057,78.8712996042789,NA,"coordinate_exchange",1873.00000000002,78.8712996042789,NA,0,1,0.0133475707421278,TRUE
37,2,103702,"small","small","many","some",4,"low",36,14,18,18,"point_exchange",33.0000000000155,78.871299604279,NA,"coordinate_exchange",1889.00000000001,78.8712996042789,NA,-2.8421709430404e-14,1,0.0174695606140896,TRUE
38,1,103801,"small","small","many","some",4,"high",1764,14,18,8,"point_exchange",62.0000000000118,78.871299604279,NA,"coordinate_exchange",682.999999999993,78.8712996042789,NA,-2.8421709430404e-14,1,0.0907759882869875,TRUE
38,2,103802,"small","small","many","some",4,"high",1764,14,18,8,"point_exchange",50.9999999999877,78.8712996042789,NA,"coordinate_exchange",661.000000000001,78.8712996042789,NA,0,1,0.077155824508302,TRUE
39,1,103901,"small","small","many","some",5,"low",45,17,22,18,"point_exchange",32.0000000000107,81.3096505901693,NA,"coordinate_exchange",2031.99999999998,81.3096505901693,NA,0,1,0.0157480314960684,TRUE
39,2,103902,"small","small","many","some",5,"low",45,17,22,18,"point_exchange",28.9999999999964,81.3096505901693,NA,"coordinate_exchange",2132,81.3096505901693,NA,0,1,0.0136022514071277,TRUE
4,1,100401,"small","small","none","none",4,"high",1764,6,8,8,"point_exchange",21.000000000015,100,NA,"coordinate_exchange",195.999999999998,100,NA,0,1,0.107142857142935,TRUE
4,2,100402,"small","small","none","none",4,"high",1764,6,8,8,"point_exchange",22.9999999999961,100,NA,"coordinate_exchange",191.000000000003,100,NA,0,1,0.120418848167517,TRUE
40,1,104001,"small","small","many","many",4,"low",36,15,19,18,"point_exchange",25.999999999982,64.9091589313638,NA,"coordinate_exchange",2165.00000000002,64.9091589313638,NA,2.8421709430404e-14,1,0.0120092378752803,TRUE
40,2,104002,"small","small","many","many",4,"low",36,15,19,18,"point_exchange",26.0000000000105,64.9091589313638,NA,"coordinate_exchange",2186.00000000001,64.9091589313638,NA,2.8421709430404e-14,1,0.0118938700823469,TRUE
41,1,104101,"small","small","many","many",4,"high",1764,15,19,8,"point_exchange",79.0000000000077,65.6302861173302,NA,"coordinate_exchange",849.999999999994,64.9709551681537,NA,-0.659330949176592,0.989953861423095,0.092941176470598,TRUE
41,2,104102,"small","small","many","many",4,"high",1764,15,19,8,"point_exchange",78.000000000003,65.6302861173302,NA,"coordinate_exchange",838.999999999999,64.9709551681537,NA,-0.659330949176592,0.989953861423095,0.0929678188319465,TRUE
42,1,104201,"small","small","many","many",5,"low",45,18,23,18,"point_exchange",26.9999999999868,68.4591990061731,NA,"coordinate_exchange",2100.00000000002,68.4591990061731,NA,-2.8421709430404e-14,1,0.0128571428571364,TRUE
42,2,104202,"small","small","many","many",5,"low",45,18,23,18,"point_exchange",23.0000000000246,68.4591990061731,NA,"coordinate_exchange",2099.99999999999,68.4591990061731,NA,0,1,0.0109523809523927,TRUE
43,1,104301,"small","small","many","many",5,"high",2205,18,23,8,"point_exchange",106.000000000023,69.0621071549502,NA,"coordinate_exchange",1096.99999999998,68.5645144678497,NA,-0.497592687100536,0.992794997030946,0.0966271649954648,TRUE
43,2,104302,"small","small","many","many",5,"high",2205,18,23,8,"point_exchange",117.000000000019,69.0621071549502,NA,"coordinate_exchange",1071,68.5645144678497,NA,-0.497592687100564,0.992794997030946,0.109243697479009,TRUE
44,1,104401,"small","large","none","none",4,"low",144,9,12,18,"point_exchange",10.9999999999957,93.5022358401941,NA,"coordinate_exchange",1075.00000000002,92.9967195974947,NA,-0.505516242699343,0.994593538452243,0.0102325581395307,TRUE
44,2,104402,"small","large","none","none",4,"low",144,9,12,18,"point_exchange",12.9999999999768,93.5022358401941,NA,"coordinate_exchange",1089.00000000003,92.9967195974947,NA,-0.505516242699343,0.994593538452243,0.0119375573920813,TRUE
45,1,104501,"small","large","none","none",4,"high",7056,9,12,6,"point_exchange",91.0000000000082,92.9967195974947,NA,"coordinate_exchange",427.999999999997,92.9967195974947,NA,0,1,0.212616822429927,TRUE
45,2,104502,"small","large","none","none",4,"high",7056,9,12,6,"point_exchange",86.0000000000127,92.9967195974947,NA,"coordinate_exchange",540.999999999997,92.9967195974947,NA,0,1,0.15896487985215,TRUE
46,1,104601,"small","large","none","none",5,"low",225,11,14,18,"point_exchange",20.0000000000102,89.0756360632807,NA,"coordinate_exchange",1851,89.0756360632807,NA,0,1,0.0108049702863372,TRUE
46,2,104602,"small","large","none","none",5,"low",225,11,14,18,"point_exchange",15.9999999999911,89.0756360632807,NA,"coordinate_exchange",1863,89.0756360632807,NA,0,1,0.00858829844336615,TRUE
47,1,104701,"small","large","none","none",5,"high",11025,11,14,6,"point_exchange",198.999999999984,88.8268019937407,NA,"coordinate_exchange",676.000000000016,88.940772051933,NA,0.113970058192308,1.00128305934284,0.294378698224821,TRUE
47,2,104702,"small","large","none","none",5,"high",11025,11,14,6,"point_exchange",231.999999999999,88.940772051933,NA,"coordinate_exchange",704.999999999984,88.940772051933,NA,4.2632564145606e-14,1,0.329078014184404,TRUE
48,1,104801,"small","large","none","some",3,"low",81,8,10,18,"point_exchange",22.0000000000198,76.1753085444826,NA,"coordinate_exchange",1063.99999999999,76.1753085444826,NA,0,1,0.020676691729342,TRUE
48,2,104802,"small","large","none","some",3,"low",81,8,10,18,"point_exchange",21.9999999999914,76.1753085444826,NA,"coordinate_exchange",1086.99999999999,76.1753085444826,NA,2.8421709430404e-14,1,0.020239190432375,TRUE
49,1,104901,"small","large","none","some",3,"high",3969,8,10,8,"point_exchange",61.9999999999834,76.2104124205464,NA,"coordinate_exchange",515.000000000015,76.2104124205464,NA,0,1,0.120388349514527,TRUE
49,2,104902,"small","large","none","some",3,"high",3969,8,10,8,"point_exchange",65.9999999999741,76.2104124205464,NA,"coordinate_exchange",519.000000000005,76.2104124205464,NA,0,1,0.127167630057752,TRUE
5,1,100501,"small","small","none","none",5,"low",45,7,9,18,"point_exchange",15.0000000000148,94.4201378871041,NA,"coordinate_exchange",704.000000000008,94.4201378871041,NA,0,1,0.0213068181818389,TRUE
5,2,100502,"small","small","none","none",5,"low",45,7,9,18,"point_exchange",15.9999999999911,94.4201378871041,NA,"coordinate_exchange",710.000000000008,94.4201378871041,NA,0,1,0.0225352112675929,TRUE
50,1,105001,"small","large","none","some",4,"high",7056,10,13,6,"point_exchange",119,78.3745919652344,NA,"coordinate_exchange",515.999999999991,78.2248167346379,NA,-0.149775230596504,0.998088982323979,0.230620155038763,TRUE
50,2,105002,"small","large","none","some",4,"high",7056,10,13,6,"point_exchange",122.000000000014,78.3327128292847,NA,"coordinate_exchange",508.999999999986,78.2248167346379,NA,-0.107896094646762,0.998622592136163,0.239685658153276,TRUE
51,1,105101,"small","large","none","some",5,"high",11025,12,15,6,"point_exchange",242.999999999995,78.9126087915519,NA,"coordinate_exchange",593.999999999994,78.9116035402844,NA,-0.00100525126748607,0.999987261208533,0.409090909090905,TRUE
51,2,105102,"small","large","none","some",5,"high",11025,12,15,6,"point_exchange",262,78.9116035402844,NA,"coordinate_exchange",569.999999999993,78.9116035402844,NA,0,1,0.459649122807024,TRUE
52,1,105201,"small","large","none","many",3,"low",81,9,12,18,"point_exchange",9.9999999999909,62.0133628728361,NA,"coordinate_exchange",1360.00000000001,62.0133628728361,NA,2.1316282072803e-14,1,0.00735294117646383,TRUE
52,2,105202,"small","large","none","many",3,"low",81,9,12,18,"point_exchange",10.9999999999957,62.0133628728361,NA,"coordinate_exchange",1357,62.0133628728361,NA,0,1,0.00810611643330559,TRUE
53,1,105301,"small","large","none","many",3,"high",3969,9,12,8,"point_exchange",81.9999999999936,61.9750565588317,NA,"coordinate_exchange",542.000000000002,62.1089753625859,NA,0.133918803754163,1.002160850045,0.151291512915117,TRUE
53,2,105302,"small","large","none","many",3,"high",3969,9,12,8,"point_exchange",82.9999999999984,62.2267616450425,NA,"coordinate_exchange",639.999999999986,62.1089753625859,NA,-0.117786282456599,0.998107144268113,0.1296875,TRUE
54,1,105401,"small","large","none","many",4,"low",144,11,14,18,"point_exchange",16.9999999999959,67.2516546424487,NA,"coordinate_exchange",1825.99999999999,67.0905249832036,NA,-0.161129659245134,0.997604078886954,0.00930996714129024,TRUE
54,2,105402,"small","large","none","many",4,"low",144,11,14,18,"point_exchange",15.9999999999911,67.2516546424487,NA,"coordinate_exchange",1821,67.0905249832036,NA,-0.161129659245134,0.997604078886954,0.00878638110927575,TRUE
55,1,105501,"small","large","none","many",4,"high",7056,11,14,6,"point_exchange",159.999999999997,67.1087575035304,NA,"coordinate_exchange",579.000000000008,67.1024022168643,NA,-0.00635528666609275,0.999905298698672,0.276338514680474,TRUE
55,2,105502,"small","large","none","many",4,"high",7056,11,14,6,"point_exchange",170.999999999992,67.3164533910601,NA,"coordinate_exchange",573.999999999984,67.1024022168643,NA,-0.214051174195831,0.996820225020585,0.2979094076655,TRUE
56,1,105601,"small","large","none","many",5,"high",11025,13,17,6,"point_exchange",311.000000000007,69.9070049163347,NA,"coordinate_exchange",788.999999999987,69.6994418873917,NA,-0.207563028943028,0.997030869378663,0.394169835234489,TRUE
56,2,105602,"small","large","none","many",5,"high",11025,13,17,6,"point_exchange",343.000000000018,69.906834160465,NA,"coordinate_exchange",764.999999999986,69.6994418873917,NA,-0.207392273073353,0.997033304746753,0.448366013071927,TRUE
57,1,105701,"small","large","some","none",3,"low",81,16,20,18,"point_exchange",27.0000000000152,84.0802732302821,NA,"coordinate_exchange",2616.99999999999,84.0802732302821,NA,2.8421709430404e-14,1,0.0103171570500632,TRUE
57,2,105702,"small","large","some","none",3,"low",81,16,20,18,"point_exchange",27.9999999999916,84.0802732302821,NA,"coordinate_exchange",2634.99999999999,84.0802732302821,NA,0,1,0.0106261859582511,TRUE
58,1,105801,"small","large","some","none",4,"low",144,25,32,18,"point_exchange",49.0000000000066,86.1300392464405,NA,"coordinate_exchange",5375,85.0744013882871,NA,-1.05563785815332,0.987743673782234,0.00911627906976867,TRUE
58,2,105802,"small","large","some","none",4,"low",144,25,32,18,"point_exchange",40.9999999999968,86.199669776121,NA,"coordinate_exchange",5291,85.0744013882871,NA,-1.12526838783387,0.986945792359107,0.00774900774900715,TRUE
59,1,105901,"small","large","some","none",5,"low",225,36,45,18,"point_exchange",208.000000000027,84.0068252079129,NA,"coordinate_exchange",5685,28.5134634647283,NA,-55.4933617431846,0.339418415041383,0.0365875109938482,TRUE
59,2,105902,"small","large","some","none",5,"low",225,36,45,18,"point_exchange",174.000000000035,84.006825207913,NA,"coordinate_exchange",5902.99999999996,28.5134634647283,NA,-55.4933617431847,0.339418415041382,0.029476537353894,TRUE
6,1,100601,"small","small","none","none",5,"high",2205,7,9,8,"point_exchange",32.0000000000107,94.4201378871041,NA,"coordinate_exchange",372.000000000014,94.4201378871041,NA,0,1,0.0860215053763696,TRUE
6,2,100602,"small","small","none","none",5,"high",2205,7,9,8,"point_exchange",27.0000000000152,94.4201378871041,NA,"coordinate_exchange",365.000000000009,94.4201378871041,NA,0,1,0.0739726027397659,TRUE
60,1,106001,"small","large","some","none",5,"high",11025,36,45,6,"point_exchange",2457.99999999997,83.9577109577763,NA,"coordinate_exchange",2488,0.0535365139025421,NA,-83.9041744438737,0.000637660475634769,0.987942122186483,TRUE
60,2,106002,"small","large","some","none",5,"high",11025,36,45,6,"point_exchange",2211.99999999999,84.0068252079129,NA,"coordinate_exchange",2476,0.0535365139025421,NA,-83.9532886940104,0.000637287670020165,0.89337641357027,TRUE
61,1,106101,"small","large","some","some",3,"low",81,17,22,18,"point_exchange",22.9999999999677,75.6425087735759,NA,"coordinate_exchange",3463.00000000002,75.611507620393,NA,-0.0310011531829417,0.999590162281955,0.00664164019635217,TRUE
61,2,106102,"small","large","some","some",3,"low",81,17,22,18,"point_exchange",21.000000000015,75.6425087735759,NA,"coordinate_exchange",3572,75.611507620393,NA,-0.0310011531829844,0.999590162281955,0.00587905935050812,TRUE
62,1,106201,"small","large","some","some",4,"high",7056,26,33,6,"point_exchange",767.999999999972,77.3420288011094,NA,"coordinate_exchange",2389.00000000001,17.1344218227774,NA,-60.207606978332,0.221540889066148,0.321473419840925,TRUE
62,2,106202,"small","large","some","some",4,"high",7056,26,33,6,"point_exchange",835.000000000036,77.2886059336842,NA,"coordinate_exchange",2387,17.1344218227774,NA,-60.1541841109067,0.221694020946364,0.349811478843752,TRUE
63,1,106301,"small","large","some","some",5,"low",225,37,47,18,"point_exchange",218.000000000018,78.7076442098375,NA,"coordinate_exchange",7793.99999999998,10.4623363536314,NA,-68.2453078562061,0.132926559531351,0.027970233512961,TRUE
63,2,106302,"small","large","some","some",5,"low",225,37,47,18,"point_exchange",240.999999999985,78.6846242448756,NA,"coordinate_exchange",8069.00000000002,10.4623363536314,NA,-68.2222878912443,0.132965448510898,0.0298673937290848,TRUE
64,1,106401,"small","large","some","some",5,"high",11025,37,47,6,"point_exchange",3807.99999999999,78.8918443072699,NA,"coordinate_exchange",1682.99999999999,12.5198659896418,NA,-66.3719783176281,0.158696581371315,2.26262626262627,TRUE
64,2,106402,"small","large","some","some",5,"high",11025,37,47,6,"point_exchange",3492.00000000002,78.7345982222702,NA,"coordinate_exchange",1689.00000000002,12.5198659896418,NA,-66.2147322326284,0.159013524833108,2.06749555950265,TRUE
65,1,106501,"small","large","some","many",3,"low",81,18,23,18,"point_exchange",26.0000000000105,66.0439360472089,NA,"coordinate_exchange",4029.99999999997,66.0348912475753,NA,-0.00904479963351434,0.999863048749441,0.00645161290322845,TRUE
65,2,106502,"small","large","some","many",3,"low",81,18,23,18,"point_exchange",19.0000000000055,66.0281156388925,NA,"coordinate_exchange",4226.99999999998,66.0348912475753,NA,0.00677560868282967,1.00010261702333,0.00449491365034435,TRUE
66,1,106601,"small","large","some","many",3,"high",3969,18,23,8,"point_exchange",314.999999999998,66.1660207401129,NA,"coordinate_exchange",1872.00000000001,66.0579433141983,NA,-0.10807742591453,0.998366572075733,0.168269230769228,TRUE
66,2,106602,"small","large","some","many",3,"high",3969,18,23,8,"point_exchange",256.000000000029,66.1660207401129,NA,"coordinate_exchange",1867.00000000002,66.0579433141983,NA,-0.10807742591453,0.998366572075733,0.13711837171935,TRUE
67,1,106701,"small","large","some","many",4,"low",144,27,34,18,"point_exchange",62.9999999999882,70.1160082933767,NA,"coordinate_exchange",6995,69.6510831026766,NA,-0.464925190700114,0.993369200529003,0.00900643316654584,TRUE
67,2,106702,"small","large","some","many",4,"low",144,27,34,18,"point_exchange",72.0000000000027,70.1800582602462,NA,"coordinate_exchange",7225.00000000002,69.6510831026766,NA,-0.528975157569633,0.992462600193234,0.00996539792387578,TRUE
68,1,106801,"small","large","some","many",5,"low",225,38,48,18,"point_exchange",213.000000000022,73.2328561314873,NA,"coordinate_exchange",11193,24.8607968634074,NA,-48.3720592680799,0.339475997205006,0.0190297507370698,TRUE
68,2,106802,"small","large","some","many",5,"low",225,38,48,18,"point_exchange",240.000000000009,73.2117640476357,NA,"coordinate_exchange",10742,24.8607968634074,NA,-48.3509671842283,0.339573799194779,0.0223422081549068,TRUE
69,1,106901,"small","large","some","many",5,"high",11025,38,48,6,"point_exchange",3276.99999999999,73.1336591542143,NA,"coordinate_exchange",2555.00000000001,4.39012649499674,NA,-68.7435326592176,0.0600288095217476,1.28258317025439,TRUE
69,2,106902,"small","large","some","many",5,"high",11025,38,48,6,"point_exchange",3824.00000000001,73.0272032634121,NA,"coordinate_exchange",2661,4.39012649499674,NA,-68.6370767684153,0.0601163169177023,1.4370537391958,TRUE
7,1,100701,"small","small","none","some",3,"low",27,6,8,18,"point_exchange",15.0000000000148,68.5563039700165,NA,"coordinate_exchange",353.999999999985,68.5563039700165,NA,-2.8421709430404e-14,1,0.0423728813559758,TRUE
7,2,100702,"small","small","none","some",3,"low",27,6,8,18,"point_exchange",14.00000000001,68.5563039700165,NA,"coordinate_exchange",354.99999999999,68.5563039700165,NA,0,1,0.0394366197183392,TRUE
70,1,107001,"small","large","many","none",3,"low",81,20,25,18,"point_exchange",45.0000000000159,89.4897049492953,NA,"coordinate_exchange",3863,89.4897049492953,NA,0,1,0.0116489774786477,TRUE
70,2,107002,"small","large","many","none",3,"low",81,20,25,18,"point_exchange",50.9999999999877,89.4897049492953,NA,"coordinate_exchange",3874.00000000002,89.4897049492953,NA,2.8421709430404e-14,1,0.0131646876613287,TRUE
71,1,107101,"small","large","many","none",4,"low",144,31,39,18,"point_exchange",100.999999999999,89.3479472286058,NA,"coordinate_exchange",7694.99999999999,89.0776399555069,NA,-0.270307273098922,0.996974667225344,0.0131254061078621,TRUE
71,2,107102,"small","large","many","none",4,"low",144,31,39,18,"point_exchange",105.999999999995,89.3479472286058,NA,"coordinate_exchange",7596,89.0776399555069,NA,-0.27030727309895,0.996974667225344,0.013954713006845,TRUE
72,1,107201,"small","large","many","none",4,"high",7056,31,39,6,"point_exchange",1012,89.3479472286058,NA,"coordinate_exchange",2704.00000000001,89.1844706340253,NA,-0.163476594580544,0.998170337431902,0.374260355029585,TRUE
72,2,107202,"small","large","many","none",4,"high",7056,31,39,6,"point_exchange",1086.99999999999,89.3479472286058,NA,"coordinate_exchange",2793.99999999998,89.1844706340253,NA,-0.163476594580544,0.998170337431902,0.3890479599141,TRUE
73,1,107301,"small","large","many","none",5,"low",225,44,55,18,"point_exchange",268.000000000029,90.5060274121114,NA,"coordinate_exchange",9642,78.0383523960024,NA,-12.4676750161091,0.86224480984743,0.0277950632648858,TRUE
73,2,107302,"small","large","many","none",5,"low",225,44,55,18,"point_exchange",250,90.5060274121113,NA,"coordinate_exchange",9724.00000000005,78.0383523960024,NA,-12.4676750161089,0.862244809847432,0.0257095845331138,TRUE
74,1,107401,"small","large","many","none",5,"high",11025,44,55,6,"point_exchange",3801.99999999996,90.5060274121115,NA,"coordinate_exchange",4375,89.9504780375533,NA,-0.555549374558268,0.993861741693416,0.869028571428563,TRUE
74,2,107402,"small","large","many","none",5,"high",11025,44,55,6,"point_exchange",3529,90.408650981798,NA,"coordinate_exchange",4386.00000000002,89.9504780375533,NA,-0.45817294424468,0.994932200190257,0.80460556315549,TRUE
75,1,107501,"small","large","many","some",3,"low",81,21,27,18,"point_exchange",34.0000000000487,79.9260221629487,NA,"coordinate_exchange",3887.99999999998,79.7945607814906,NA,-0.131461381458038,0.998355211758318,0.00874485596709076,TRUE
75,2,107502,"small","large","many","some",3,"low",81,21,27,18,"point_exchange",30.0000000000296,79.9260221629487,NA,"coordinate_exchange",3807.99999999999,79.7945607814906,NA,-0.131461381458038,0.998355211758318,0.00787815126051198,TRUE
76,1,107601,"small","large","many","some",3,"high",3969,21,27,8,"point_exchange",376.000000000033,80.0506116603753,NA,"coordinate_exchange",1690.99999999997,80.0506116603753,NA,0,1,0.222353636901265,TRUE
76,2,107602,"small","large","many","some",3,"high",3969,21,27,8,"point_exchange",391.00000000002,80.0506116603753,NA,"coordinate_exchange",1670.00000000002,80.0506116603753,NA,0,1,0.234131736526956,TRUE
77,1,107701,"small","large","many","some",5,"low",225,45,57,18,"point_exchange",281.000000000006,84.0554324143188,NA,"coordinate_exchange",10054,83.9487199911466,NA,-0.106712423172198,0.998730451797021,0.0279490749950274,TRUE
77,2,107702,"small","large","many","some",5,"low",225,45,57,18,"point_exchange",314.999999999998,84.117391342454,NA,"coordinate_exchange",9944.00000000002,83.9487199911466,NA,-0.168671351307381,0.997994810007592,0.0316773934030568,TRUE
78,1,107801,"small","large","many","some",5,"high",11025,45,57,6,"point_exchange",4781.99999999998,84.1326311290298,NA,"coordinate_exchange",2182.00000000002,54.5909628412251,NA,-29.5416682878048,0.648867890004554,2.19156736938586,TRUE
78,2,107802,"small","large","many","some",5,"high",11025,45,57,6,"point_exchange",4840.99999999995,84.0054469708202,NA,"coordinate_exchange",2083.00000000003,54.5909628412251,NA,-29.4144841295951,0.649850275306405,2.32405184829567,TRUE
79,1,107901,"small","large","many","many",3,"low",81,22,28,18,"point_exchange",43.0000000000064,70.7125227736101,NA,"coordinate_exchange",4735.99999999999,70.7125227736102,NA,5.6843418860808e-14,1,0.00907939189189325,TRUE
79,2,107902,"small","large","many","many",3,"low",81,22,28,18,"point_exchange",33.0000000000155,70.7125227736101,NA,"coordinate_exchange",4719.99999999997,70.7125227736102,NA,5.6843418860808e-14,1,0.00699152542373213,TRUE
8,1,100801,"small","small","none","some",3,"high",1323,6,8,12,"point_exchange",30.0000000000011,69.0853658590399,NA,"coordinate_exchange",293.000000000006,69.0853658590399,NA,0,1,0.102389078498295,TRUE
8,2,100802,"small","small","none","some",3,"high",1323,6,8,12,"point_exchange",31.0000000000059,69.0853658590399,NA,"coordinate_exchange",290.999999999997,69.0853658590399,NA,0,1,0.106529209622015,TRUE
80,1,108001,"small","large","many","many",3,"high",3969,22,28,8,"point_exchange",343.999999999994,70.9639109409749,NA,"coordinate_exchange",2168.99999999998,70.374814740866,NA,-0.589096200108898,0.991698650873415,0.158598432457352,TRUE
80,2,108002,"small","large","many","many",3,"high",3969,22,28,8,"point_exchange",330.99999999996,70.9639109409748,NA,"coordinate_exchange",2319.00000000007,70.374814740866,NA,-0.589096200108798,0.991698650873417,0.142733937041807,TRUE
81,1,108101,"small","large","many","many",4,"low",144,33,42,18,"point_exchange",108.999999999924,75.3573441941979,NA,"coordinate_exchange",10585,74.4368462578425,NA,-0.920497936355389,0.98778489414405,0.0102975909305549,TRUE
81,2,108102,"small","large","many","many",4,"low",144,33,42,18,"point_exchange",118.000000000052,75.3573441941979,NA,"coordinate_exchange",10598.9999999999,74.4368462578425,NA,-0.92049793635536,0.98778489414405,0.0111331257665867,TRUE
82,1,108201,"small","large","many","many",5,"high",11025,46,58,6,"point_exchange",6331.00000000002,77.9044774421636,NA,"coordinate_exchange",4798.99999999998,12.6901867468655,NA,-65.2142906952981,0.162894189955728,1.31923317357784,TRUE
82,2,108202,"small","large","many","many",5,"high",11025,46,58,6,"point_exchange",6023.00000000002,77.9896539916726,NA,"coordinate_exchange",4899.99999999998,12.6901867468655,NA,-65.2994672448071,0.162716284755162,1.2291836734694,TRUE
83,1,108301,"large","small","none","none",3,"low",27,5,13,12,"point_exchange",16.0000000000764,98.9672331600786,NA,"coordinate_exchange",229.999999999905,98.9672331600786,NA,0,1,0.0695652173916654,TRUE
83,2,108302,"large","small","none","none",3,"low",27,5,13,12,"point_exchange",14.00000000001,98.9672331600786,NA,"coordinate_exchange",223.00000000007,98.9672331600786,NA,0,1,0.0627802690583211,TRUE
84,1,108401,"large","small","none","none",3,"high",1323,5,13,8,"point_exchange",24.9999999999773,98.9672331600786,NA,"coordinate_exchange",225.999999999999,98.9672331600786,NA,0,1,0.110619469026449,TRUE
84,2,108402,"large","small","none","none",3,"high",1323,5,13,8,"point_exchange",27.0000000000437,98.9672331600786,NA,"coordinate_exchange",231.999999999971,98.9672331600786,NA,0,1,0.11637931034503,TRUE
85,1,108501,"large","small","none","none",4,"low",36,6,14,12,"point_exchange",14.00000000001,97.7129112386684,NA,"coordinate_exchange",293.000000000006,97.7129112386684,NA,-5.6843418860808e-14,1,0.0477815699659034,TRUE
85,2,108502,"large","small","none","none",4,"low",36,6,14,12,"point_exchange",15.9999999999627,97.7129112386684,NA,"coordinate_exchange",282.000000000039,97.7129112386684,NA,0,1,0.0567375886523422,TRUE
86,1,108601,"large","small","none","none",5,"low",45,7,15,12,"point_exchange",19.0000000000055,96.690764394597,NA,"coordinate_exchange",384.999999999991,96.690764394597,NA,0,1,0.0493506493506647,TRUE
86,2,108602,"large","small","none","none",5,"low",45,7,15,12,"point_exchange",15.9999999999627,96.690764394597,NA,"coordinate_exchange",393.000000000029,96.690764394597,NA,0,1,0.0407124681932863,TRUE
87,1,108701,"large","small","none","none",5,"high",2205,7,15,5,"point_exchange",28.00000000002,96.690764394597,NA,"coordinate_exchange",216.999999999985,96.690764394597,NA,0,1,0.129032258064618,TRUE
87,2,108702,"large","small","none","none",5,"high",2205,7,15,5,"point_exchange",30.9999999999491,96.690764394597,NA,"coordinate_exchange",220.000000000027,96.690764394597,NA,0,1,0.140909090908842,TRUE
88,1,108801,"large","small","none","some",3,"high",1323,6,14,8,"point_exchange",33.0000000000155,71.038523321392,NA,"coordinate_exchange",322.000000000003,71.038523321392,NA,0,1,0.102484472049737,TRUE
88,2,108802,"large","small","none","some",3,"high",1323,6,14,8,"point_exchange",31.0000000000628,71.0385233213919,NA,"coordinate_exchange",312.000000000012,71.038523321392,NA,4.2632564145606e-14,1,0.0993589743591717,TRUE
89,1,108901,"large","small","none","some",4,"high",1764,7,15,5,"point_exchange",32.0000000000391,74.3077301752697,NA,"coordinate_exchange",167.00000000003,74.3077301752697,NA,0,1,0.191616766467266,TRUE
89,2,108902,"large","small","none","some",4,"high",1764,7,15,5,"point_exchange",24.9999999999773,74.3077301752697,NA,"coordinate_exchange",162.000000000035,74.3077301752697,NA,0,1,0.154320987654148,TRUE
9,1,100901,"small","small","none","some",4,"low",36,7,9,18,"point_exchange",15.9999999999911,69.8780625741291,NA,"coordinate_exchange",525.000000000006,69.8780625741291,NA,0,1,0.0304761904761733,TRUE
9,2,100902,"small","small","none","some",4,"low",36,7,9,18,"point_exchange",15.9999999999911,69.8780625741291,NA,"coordinate_exchange",532.000000000011,69.8780625741291,NA,0,1,0.0300751879699075,TRUE
90,1,109001,"large","small","none","some",5,"low",45,8,16,12,"point_exchange",17.0000000000528,77.1665772367603,NA,"coordinate_exchange",467.999999999961,77.1665772367603,NA,4.2632564145606e-14,1,0.0363247863249021,TRUE
90,2,109002,"large","small","none","some",5,"low",45,8,16,12,"point_exchange",17.0000000000528,77.1665772367603,NA,"coordinate_exchange",456.999999999994,77.1665772367603,NA,0,1,0.037199124726593,TRUE
91,1,109101,"large","small","none","some",5,"high",2205,8,16,5,"point_exchange",33.0000000000155,77.1761200578137,NA,"coordinate_exchange",197.000000000003,77.1761200578136,NA,-4.2632564145606e-14,1,0.167512690355406,TRUE
91,2,109102,"large","small","none","some",5,"high",2205,8,16,5,"point_exchange",29.9999999999727,77.1761200578137,NA,"coordinate_exchange",183.999999999969,77.1761200578136,NA,-4.2632564145606e-14,1,0.163043478260749,TRUE
92,1,109201,"large","small","none","many",3,"low",27,7,15,12,"point_exchange",15.9999999999627,56.0946235152689,NA,"coordinate_exchange",409.999999999968,56.0946235152689,NA,0,1,0.0390243902438145,TRUE
92,2,109202,"large","small","none","many",3,"low",27,7,15,12,"point_exchange",17.0000000000528,56.0946235152688,NA,"coordinate_exchange",417.00000000003,56.0946235152689,NA,2.1316282072803e-14,1,0.0407673860912507,TRUE
93,1,109301,"large","small","none","many",3,"high",1323,7,15,8,"point_exchange",38.9999999999873,56.2949960766859,NA,"coordinate_exchange",340.000000000032,56.2731949670794,NA,-0.0218011096064572,0.999612734503494,0.114705882352893,TRUE
93,2,109302,"large","small","none","many",3,"high",1323,7,15,8,"point_exchange",36.0000000000582,56.2731949670794,NA,"coordinate_exchange",343.999999999937,56.2731949670794,NA,0,1,0.104651162790886,TRUE
94,1,109401,"large","small","none","many",4,"low",36,8,16,12,"point_exchange",16.0000000000764,59.9401517993085,NA,"coordinate_exchange",451.999999999998,59.9401517993085,NA,0,1,0.0353982300886647,TRUE
94,2,109402,"large","small","none","many",4,"low",36,8,16,12,"point_exchange",15.9999999999627,59.9401517993085,NA,"coordinate_exchange",446.000000000026,59.9401517993085,NA,0,1,0.0358744394617977,TRUE
95,1,109501,"large","small","none","many",4,"high",1764,8,16,5,"point_exchange",31.0000000000628,60.0814835560691,NA,"coordinate_exchange",253.000000000043,60.0808381874502,NA,-0.000645368618954478,0.99998925844402,0.122529644269002,TRUE
95,2,109502,"large","small","none","many",4,"high",1764,8,16,5,"point_exchange",35.9999999999445,60.0925267207845,NA,"coordinate_exchange",245.000000000005,60.0808381874502,NA,-0.0116885333343575,0.999805491065658,0.146938775509975,TRUE
96,1,109601,"large","small","none","many",5,"high",2205,9,18,5,"point_exchange",43.9999999999827,63.903772862263,NA,"coordinate_exchange",218.999999999937,63.8777604950459,NA,-0.0260123672170778,0.999592944734685,0.200913242009111,TRUE
96,2,109602,"large","small","none","many",5,"high",2205,9,18,5,"point_exchange",39.9999999999636,63.8904860716035,NA,"coordinate_exchange",217.999999999961,63.8777604950459,NA,-0.0127255765576706,0.999800822041901,0.183486238531976,TRUE
97,1,109701,"large","small","some","none",3,"low",27,8,16,12,"point_exchange",15.9999999999627,96.5816091338023,NA,"coordinate_exchange",445.00000000005,96.5816091338023,NA,-4.2632564145606e-14,1,0.0359550561796874,TRUE
97,2,109702,"large","small","some","none",3,"low",27,8,16,12,"point_exchange",14.00000000001,96.5816091338023,NA,"coordinate_exchange",471.000000000004,96.5816091338023,NA,0,1,0.029723991507452,TRUE
98,1,109801,"large","small","some","none",3,"high",1323,8,16,8,"point_exchange",30.9999999999491,96.5816091338023,NA,"coordinate_exchange",191.000000000031,96.5816091338023,NA,0,1,0.162303664921173,TRUE
98,2,109802,"large","small","some","none",3,"high",1323,8,16,8,"point_exchange",28.9999999999964,96.5816091338023,NA,"coordinate_exchange",209.00000000006,96.5816091338023,NA,0,1,0.138755980861187,TRUE
99,1,109901,"large","small","some","none",5,"low",45,12,23,12,"point_exchange",21.9999999999345,97.7665987513457,NA,"coordinate_exchange",710.000000000036,97.7665987513457,NA,0,1,0.0309859154928639,TRUE
99,2,109902,"large","small","some","none",5,"low",45,12,23,12,"point_exchange",21.0000000000719,97.7665987513457,NA,"coordinate_exchange",719.999999999914,97.7665987513457,NA,0,1,0.02916666666677,TRUE
