"scenario_id","iteration","seed","method","trial_size","candidate_size","interactions","quadratic","nominal_levels","density","candidate_rows","p_cols","trials","repeats","runtime_ms","d_opt","error"
1,1,100101,"point_exchange","small","small","none","none",3,"low",27,5,7,18,14.00000000001,96.1675838953885,NA
1,1,100101,"coordinate_exchange","small","small","none","none",3,"low",27,5,7,18,328.999999999979,96.1675838953885,NA
1,2,100102,"point_exchange","small","small","none","none",3,"low",27,5,7,18,12.9999999999768,96.1675838953885,NA
1,2,100102,"coordinate_exchange","small","small","none","none",3,"low",27,5,7,18,326.999999999998,96.1675838953885,NA
2,1,100201,"point_exchange","small","small","none","none",3,"high",1323,5,7,12,23.0000000000246,96.1675838953885,NA
2,1,100201,"coordinate_exchange","small","small","none","none",3,"high",1323,5,7,12,210.999999999984,96.1675838953885,NA
2,2,100202,"point_exchange","small","small","none","none",3,"high",1323,5,7,12,22.9999999999961,96.1675838953885,NA
2,2,100202,"coordinate_exchange","small","small","none","none",3,"high",1323,5,7,12,207.999999999998,96.1675838953885,NA
3,1,100301,"point_exchange","small","small","none","none",4,"low",36,6,8,18,14.9999999999864,100,NA
3,1,100301,"coordinate_exchange","small","small","none","none",4,"low",36,6,8,18,508.00000000001,100,NA
3,2,100302,"point_exchange","small","small","none","none",4,"low",36,6,8,18,12.0000000000005,100,NA
3,2,100302,"coordinate_exchange","small","small","none","none",4,"low",36,6,8,18,521.999999999991,100,NA
4,1,100401,"point_exchange","small","small","none","none",4,"high",1764,6,8,8,21.000000000015,100,NA
4,1,100401,"coordinate_exchange","small","small","none","none",4,"high",1764,6,8,8,195.999999999998,100,NA
4,2,100402,"point_exchange","small","small","none","none",4,"high",1764,6,8,8,22.9999999999961,100,NA
4,2,100402,"coordinate_exchange","small","small","none","none",4,"high",1764,6,8,8,191.000000000003,100,NA
5,1,100501,"point_exchange","small","small","none","none",5,"low",45,7,9,18,15.0000000000148,94.4201378871041,NA
5,1,100501,"coordinate_exchange","small","small","none","none",5,"low",45,7,9,18,704.000000000008,94.4201378871041,NA
5,2,100502,"point_exchange","small","small","none","none",5,"low",45,7,9,18,15.9999999999911,94.4201378871041,NA
5,2,100502,"coordinate_exchange","small","small","none","none",5,"low",45,7,9,18,710.000000000008,94.4201378871041,NA
6,1,100601,"point_exchange","small","small","none","none",5,"high",2205,7,9,8,32.0000000000107,94.4201378871041,NA
6,1,100601,"coordinate_exchange","small","small","none","none",5,"high",2205,7,9,8,372.000000000014,94.4201378871041,NA
6,2,100602,"point_exchange","small","small","none","none",5,"high",2205,7,9,8,27.0000000000152,94.4201378871041,NA
6,2,100602,"coordinate_exchange","small","small","none","none",5,"high",2205,7,9,8,365.000000000009,94.4201378871041,NA
7,1,100701,"point_exchange","small","small","none","some",3,"low",27,6,8,18,15.0000000000148,68.5563039700165,NA
7,1,100701,"coordinate_exchange","small","small","none","some",3,"low",27,6,8,18,353.999999999985,68.5563039700165,NA
7,2,100702,"point_exchange","small","small","none","some",3,"low",27,6,8,18,14.00000000001,68.5563039700165,NA
7,2,100702,"coordinate_exchange","small","small","none","some",3,"low",27,6,8,18,354.99999999999,68.5563039700165,NA
8,1,100801,"point_exchange","small","small","none","some",3,"high",1323,6,8,12,30.0000000000011,69.0853658590399,NA
8,1,100801,"coordinate_exchange","small","small","none","some",3,"high",1323,6,8,12,293.000000000006,69.0853658590399,NA
8,2,100802,"point_exchange","small","small","none","some",3,"high",1323,6,8,12,31.0000000000059,69.0853658590399,NA
8,2,100802,"coordinate_exchange","small","small","none","some",3,"high",1323,6,8,12,290.999999999997,69.0853658590399,NA
9,1,100901,"point_exchange","small","small","none","some",4,"low",36,7,9,18,15.9999999999911,69.8780625741291,NA
9,1,100901,"coordinate_exchange","small","small","none","some",4,"low",36,7,9,18,525.000000000006,69.8780625741291,NA
9,2,100902,"point_exchange","small","small","none","some",4,"low",36,7,9,18,15.9999999999911,69.8780625741291,NA
9,2,100902,"coordinate_exchange","small","small","none","some",4,"low",36,7,9,18,532.000000000011,69.8780625741291,NA
10,1,101001,"point_exchange","small","small","none","some",4,"high",1764,7,9,8,36.9999999999777,71.057666040273,NA
10,1,101001,"coordinate_exchange","small","small","none","some",4,"high",1764,7,9,8,369,71.057666040273,NA
10,2,101002,"point_exchange","small","small","none","some",4,"high",1764,7,9,8,34.9999999999966,71.057666040273,NA
10,2,101002,"coordinate_exchange","small","small","none","some",4,"high",1764,7,9,8,364.000000000004,71.057666040273,NA
11,1,101101,"point_exchange","small","small","none","some",5,"low",45,8,10,18,19.9999999999818,71.9724956370328,NA
11,1,101101,"coordinate_exchange","small","small","none","some",5,"low",45,8,10,18,602.000000000004,71.9724956370328,NA
11,2,101102,"point_exchange","small","small","none","some",5,"low",45,8,10,18,16.9999999999959,71.9724956370328,NA
11,2,101102,"coordinate_exchange","small","small","none","some",5,"low",45,8,10,18,605.000000000018,71.9724956370328,NA
12,1,101201,"point_exchange","small","small","none","many",3,"low",27,7,9,18,10.0000000000193,57.9503502148252,NA
12,1,101201,"coordinate_exchange","small","small","none","many",3,"low",27,7,9,18,439.999999999998,57.9503502148252,NA
12,2,101202,"point_exchange","small","small","none","many",3,"low",27,7,9,18,9.00000000001455,57.9503502148252,NA
12,2,101202,"coordinate_exchange","small","small","none","many",3,"low",27,7,9,18,442.999999999984,57.9503502148252,NA
13,1,101301,"point_exchange","small","small","none","many",3,"high",1323,7,9,12,34.9999999999966,57.9503502148252,NA
13,1,101301,"coordinate_exchange","small","small","none","many",3,"high",1323,7,9,12,426.999999999992,57.9503502148252,NA
13,2,101302,"point_exchange","small","small","none","many",3,"high",1323,7,9,12,34.0000000000202,57.9503502148252,NA
13,2,101302,"coordinate_exchange","small","small","none","many",3,"high",1323,7,9,12,420.999999999992,57.9503502148252,NA
14,1,101401,"point_exchange","small","small","none","many",4,"low",36,8,10,18,15.9999999999911,57.4075555153796,NA
14,1,101401,"coordinate_exchange","small","small","none","many",4,"low",36,8,10,18,703.000000000003,57.4075555153796,NA
14,2,101402,"point_exchange","small","small","none","many",4,"low",36,8,10,18,16.9999999999959,57.4075555153796,NA
14,2,101402,"coordinate_exchange","small","small","none","many",4,"low",36,8,10,18,795.999999999992,57.4075555153796,NA
15,1,101501,"point_exchange","small","small","none","many",5,"low",45,9,12,18,18.0000000000007,60.6859170007153,NA
15,1,101501,"coordinate_exchange","small","small","none","many",5,"low",45,9,12,18,693.999999999988,60.6859170007153,NA
15,2,101502,"point_exchange","small","small","none","many",5,"low",45,9,12,18,18.0000000000007,60.6859170007153,NA
15,2,101502,"coordinate_exchange","small","small","none","many",5,"low",45,9,12,18,709.000000000003,60.6859170007153,NA
16,1,101601,"point_exchange","small","small","none","many",5,"high",2205,9,12,8,48.9999999999782,61.0593708096783,NA
16,1,101601,"coordinate_exchange","small","small","none","many",5,"high",2205,9,12,8,338.000000000022,61.0584698711136,NA
16,2,101602,"point_exchange","small","small","none","many",5,"high",2205,9,12,8,43.9999999999827,61.0345306721297,NA
16,2,101602,"coordinate_exchange","small","small","none","many",5,"high",2205,9,12,8,336.000000000013,61.0584698711136,NA
17,1,101701,"point_exchange","small","small","some","none",3,"high",1323,8,10,12,31.9999999999823,91.1802822781911,NA
17,1,101701,"coordinate_exchange","small","small","some","none",3,"high",1323,8,10,12,259.000000000015,91.1802822781911,NA
17,2,101702,"point_exchange","small","small","some","none",3,"high",1323,8,10,12,27.0000000000152,91.1802822781911,NA
17,2,101702,"coordinate_exchange","small","small","some","none",3,"high",1323,8,10,12,245.000000000005,91.1802822781911,NA
18,1,101801,"point_exchange","small","small","some","none",4,"low",36,10,13,18,18.0000000000007,90.6297450790577,NA
18,1,101801,"coordinate_exchange","small","small","some","none",4,"low",36,10,13,18,1047,90.6297450790577,NA
18,2,101802,"point_exchange","small","small","some","none",4,"low",36,10,13,18,18.999999999977,90.6297450790577,NA
18,2,101802,"coordinate_exchange","small","small","some","none",4,"low",36,10,13,18,1061.00000000001,90.6297450790577,NA
19,1,101901,"point_exchange","small","small","some","none",4,"high",1764,10,13,8,32.0000000000107,90.6297450790578,NA
19,1,101901,"coordinate_exchange","small","small","some","none",4,"high",1764,10,13,8,426.999999999992,90.6297450790578,NA
19,2,101902,"point_exchange","small","small","some","none",4,"high",1764,10,13,8,32.0000000000107,90.6297450790578,NA
19,2,101902,"coordinate_exchange","small","small","some","none",4,"high",1764,10,13,8,403.999999999996,90.6297450790578,NA
20,1,102001,"point_exchange","small","small","some","none",5,"low",45,12,15,18,21.9999999999914,88.6871111342158,NA
20,1,102001,"coordinate_exchange","small","small","some","none",5,"low",45,12,15,18,1234.00000000001,88.6871111342158,NA
20,2,102002,"point_exchange","small","small","some","none",5,"low",45,12,15,18,26.0000000000105,88.6871111342158,NA
20,2,102002,"coordinate_exchange","small","small","some","none",5,"low",45,12,15,18,1236.99999999999,88.6871111342158,NA
21,1,102101,"point_exchange","small","small","some","none",5,"high",2205,12,15,8,42.0000000000016,88.6871111342158,NA
21,1,102101,"coordinate_exchange","small","small","some","none",5,"high",2205,12,15,8,780.000000000001,88.6871111342159,NA
21,2,102102,"point_exchange","small","small","some","none",5,"high",2205,12,15,8,43.9999999999827,88.6871111342158,NA
21,2,102102,"coordinate_exchange","small","small","some","none",5,"high",2205,12,15,8,781.000000000006,88.6871111342159,NA
22,1,102201,"point_exchange","small","small","some","some",3,"low",27,9,12,18,18.0000000000007,69.0919659230247,NA
22,1,102201,"coordinate_exchange","small","small","some","some",3,"low",27,9,12,18,1230.99999999999,69.0919659230247,NA
22,2,102202,"point_exchange","small","small","some","some",3,"low",27,9,12,18,18.0000000000007,69.0919659230247,NA
22,2,102202,"coordinate_exchange","small","small","some","some",3,"low",27,9,12,18,1196,69.0919659230247,NA
23,1,102301,"point_exchange","small","small","some","some",3,"high",1323,9,12,12,35.9999999999729,69.4414919381573,NA
23,1,102301,"coordinate_exchange","small","small","some","some",3,"high",1323,9,12,12,371.000000000009,69.4414919381573,NA
23,2,102302,"point_exchange","small","small","some","some",3,"high",1323,9,12,12,38.0000000000109,69.4414919381573,NA
23,2,102302,"coordinate_exchange","small","small","some","some",3,"high",1323,9,12,12,370.000000000005,69.4414919381573,NA
24,1,102401,"point_exchange","small","small","some","some",4,"low",36,11,14,18,18.0000000000007,70.4483851109752,NA
24,1,102401,"coordinate_exchange","small","small","some","some",4,"low",36,11,14,18,1497.00000000001,70.4483851109752,NA
24,2,102402,"point_exchange","small","small","some","some",4,"low",36,11,14,18,21.9999999999914,70.4483851109752,NA
24,2,102402,"coordinate_exchange","small","small","some","some",4,"low",36,11,14,18,1584,70.4483851109752,NA
25,1,102501,"point_exchange","small","small","some","some",4,"high",1764,11,14,8,50.0000000000114,70.4483851109752,NA
25,1,102501,"coordinate_exchange","small","small","some","some",4,"high",1764,11,14,8,556.999999999988,69.7547045674677,NA
25,2,102502,"point_exchange","small","small","some","some",4,"high",1764,11,14,8,49.0000000000066,70.4483851109752,NA
25,2,102502,"coordinate_exchange","small","small","some","some",4,"high",1764,11,14,8,546.999999999997,69.7547045674677,NA
26,1,102601,"point_exchange","small","small","some","some",5,"low",45,13,17,18,25.999999999982,72.1949929013891,NA
26,1,102601,"coordinate_exchange","small","small","some","some",5,"low",45,13,17,18,1236.00000000002,72.1949929013891,NA
26,2,102602,"point_exchange","small","small","some","some",5,"low",45,13,17,18,25.999999999982,72.1949929013891,NA
26,2,102602,"coordinate_exchange","small","small","some","some",5,"low",45,13,17,18,1232,72.1949929013891,NA
27,1,102701,"point_exchange","small","small","some","some",5,"high",2205,13,17,8,68.000000000012,72.1949929013891,NA
27,1,102701,"coordinate_exchange","small","small","some","some",5,"high",2205,13,17,8,536.999999999978,72.1933377423532,NA
27,2,102702,"point_exchange","small","small","some","some",5,"high",2205,13,17,8,72.0000000000027,72.1949929013891,NA
27,2,102702,"coordinate_exchange","small","small","some","some",5,"high",2205,13,17,8,562.999999999988,72.1933377423532,NA
28,1,102801,"point_exchange","small","small","some","many",3,"low",27,10,13,18,19.0000000000055,56.9608162501267,NA
28,1,102801,"coordinate_exchange","small","small","some","many",3,"low",27,10,13,18,1304,56.9608162501267,NA
28,2,102802,"point_exchange","small","small","some","many",3,"low",27,10,13,18,20.0000000000102,56.9608162501267,NA
28,2,102802,"coordinate_exchange","small","small","some","many",3,"low",27,10,13,18,1293.99999999998,56.9608162501267,NA
29,1,102901,"point_exchange","small","small","some","many",3,"high",1323,10,13,12,49.0000000000066,57.0484953103496,NA
29,1,102901,"coordinate_exchange","small","small","some","many",3,"high",1323,10,13,12,526.00000000001,57.0484953103496,NA
29,2,102902,"point_exchange","small","small","some","many",3,"high",1323,10,13,12,55.0000000000068,57.0484953103496,NA
29,2,102902,"coordinate_exchange","small","small","some","many",3,"high",1323,10,13,12,521.999999999991,57.0484953103496,NA
30,1,103001,"point_exchange","small","small","some","many",4,"high",1764,12,15,8,49.0000000000066,59.3036811637023,NA
30,1,103001,"coordinate_exchange","small","small","some","many",4,"high",1764,12,15,8,520.00000000001,59.3036811637023,NA
30,2,103002,"point_exchange","small","small","some","many",4,"high",1764,12,15,8,52.0000000000209,59.3036811637023,NA
30,2,103002,"coordinate_exchange","small","small","some","many",4,"high",1764,12,15,8,524.999999999977,59.3036811637023,NA
31,1,103101,"point_exchange","small","small","some","many",5,"low",45,14,18,18,30.0000000000011,61.5507687586062,NA
31,1,103101,"coordinate_exchange","small","small","some","many",5,"low",45,14,18,18,1467.99999999999,61.5507687586062,NA
31,2,103102,"point_exchange","small","small","some","many",5,"low",45,14,18,18,12.0000000000005,61.5507687586062,NA
31,2,103102,"coordinate_exchange","small","small","some","many",5,"low",45,14,18,18,1495,61.5507687586062,NA
32,1,103201,"point_exchange","small","small","many","none",3,"low",27,10,13,18,19.9999999999818,98.0758401705369,NA
32,1,103201,"coordinate_exchange","small","small","many","none",3,"low",27,10,13,18,1043.00000000001,98.0758401705369,NA
32,2,103202,"point_exchange","small","small","many","none",3,"low",27,10,13,18,18.0000000000007,98.075840170537,NA
32,2,103202,"coordinate_exchange","small","small","many","none",3,"low",27,10,13,18,1158.99999999999,98.0758401705369,NA
33,1,103301,"point_exchange","small","small","many","none",3,"high",1323,10,13,12,40.9999999999968,98.0758401705369,NA
33,1,103301,"coordinate_exchange","small","small","many","none",3,"high",1323,10,13,12,673.000000000002,98.075840170537,NA
33,2,103302,"point_exchange","small","small","many","none",3,"high",1323,10,13,12,34.9999999999966,98.0758401705369,NA
33,2,103302,"coordinate_exchange","small","small","many","none",3,"high",1323,10,13,12,669.000000000011,98.075840170537,NA
34,1,103401,"point_exchange","small","small","many","none",4,"high",1764,13,17,8,46.999999999997,98.5232208207258,NA
34,1,103401,"coordinate_exchange","small","small","many","none",4,"high",1764,13,17,8,586.999999999989,98.5232208207258,NA
34,2,103402,"point_exchange","small","small","many","none",4,"high",1764,13,17,8,45.9999999999923,98.5232208207258,NA
34,2,103402,"coordinate_exchange","small","small","many","none",4,"high",1764,13,17,8,594.999999999999,98.5232208207258,NA
35,1,103501,"point_exchange","small","small","many","some",3,"low",27,11,14,18,20.0000000000102,75.5649647139447,NA
35,1,103501,"coordinate_exchange","small","small","many","some",3,"low",27,11,14,18,1206.99999999999,75.5649647139447,NA
35,2,103502,"point_exchange","small","small","many","some",3,"low",27,11,14,18,19.0000000000055,75.5649647139447,NA
35,2,103502,"coordinate_exchange","small","small","many","some",3,"low",27,11,14,18,1214,75.5649647139447,NA
36,1,103601,"point_exchange","small","small","many","some",3,"high",1323,11,14,12,44.9999999999875,75.5649647139447,NA
36,1,103601,"coordinate_exchange","small","small","many","some",3,"high",1323,11,14,12,669.000000000011,75.5649647139447,NA
36,2,103602,"point_exchange","small","small","many","some",3,"high",1323,11,14,12,44.9999999999875,75.5649647139447,NA
36,2,103602,"coordinate_exchange","small","small","many","some",3,"high",1323,11,14,12,651.00000000001,75.5649647139447,NA
37,1,103701,"point_exchange","small","small","many","some",4,"low",36,14,18,18,25.0000000000057,78.8712996042789,NA
37,1,103701,"coordinate_exchange","small","small","many","some",4,"low",36,14,18,18,1873.00000000002,78.8712996042789,NA
37,2,103702,"point_exchange","small","small","many","some",4,"low",36,14,18,18,33.0000000000155,78.871299604279,NA
37,2,103702,"coordinate_exchange","small","small","many","some",4,"low",36,14,18,18,1889.00000000001,78.8712996042789,NA
38,1,103801,"point_exchange","small","small","many","some",4,"high",1764,14,18,8,62.0000000000118,78.871299604279,NA
38,1,103801,"coordinate_exchange","small","small","many","some",4,"high",1764,14,18,8,682.999999999993,78.8712996042789,NA
38,2,103802,"point_exchange","small","small","many","some",4,"high",1764,14,18,8,50.9999999999877,78.8712996042789,NA
38,2,103802,"coordinate_exchange","small","small","many","some",4,"high",1764,14,18,8,661.000000000001,78.8712996042789,NA
39,1,103901,"point_exchange","small","small","many","some",5,"low",45,17,22,18,32.0000000000107,81.3096505901693,NA
39,1,103901,"coordinate_exchange","small","small","many","some",5,"low",45,17,22,18,2031.99999999998,81.3096505901693,NA
39,2,103902,"point_exchange","small","small","many","some",5,"low",45,17,22,18,28.9999999999964,81.3096505901693,NA
39,2,103902,"coordinate_exchange","small","small","many","some",5,"low",45,17,22,18,2132,81.3096505901693,NA
40,1,104001,"point_exchange","small","small","many","many",4,"low",36,15,19,18,25.999999999982,64.9091589313638,NA
40,1,104001,"coordinate_exchange","small","small","many","many",4,"low",36,15,19,18,2165.00000000002,64.9091589313638,NA
40,2,104002,"point_exchange","small","small","many","many",4,"low",36,15,19,18,26.0000000000105,64.9091589313638,NA
40,2,104002,"coordinate_exchange","small","small","many","many",4,"low",36,15,19,18,2186.00000000001,64.9091589313638,NA
41,1,104101,"point_exchange","small","small","many","many",4,"high",1764,15,19,8,79.0000000000077,65.6302861173302,NA
41,1,104101,"coordinate_exchange","small","small","many","many",4,"high",1764,15,19,8,849.999999999994,64.9709551681537,NA
41,2,104102,"point_exchange","small","small","many","many",4,"high",1764,15,19,8,78.000000000003,65.6302861173302,NA
41,2,104102,"coordinate_exchange","small","small","many","many",4,"high",1764,15,19,8,838.999999999999,64.9709551681537,NA
42,1,104201,"point_exchange","small","small","many","many",5,"low",45,18,23,18,26.9999999999868,68.4591990061731,NA
42,1,104201,"coordinate_exchange","small","small","many","many",5,"low",45,18,23,18,2100.00000000002,68.4591990061731,NA
42,2,104202,"point_exchange","small","small","many","many",5,"low",45,18,23,18,23.0000000000246,68.4591990061731,NA
42,2,104202,"coordinate_exchange","small","small","many","many",5,"low",45,18,23,18,2099.99999999999,68.4591990061731,NA
43,1,104301,"point_exchange","small","small","many","many",5,"high",2205,18,23,8,106.000000000023,69.0621071549502,NA
43,1,104301,"coordinate_exchange","small","small","many","many",5,"high",2205,18,23,8,1096.99999999998,68.5645144678497,NA
43,2,104302,"point_exchange","small","small","many","many",5,"high",2205,18,23,8,117.000000000019,69.0621071549502,NA
43,2,104302,"coordinate_exchange","small","small","many","many",5,"high",2205,18,23,8,1071,68.5645144678497,NA
44,1,104401,"point_exchange","small","large","none","none",4,"low",144,9,12,18,10.9999999999957,93.5022358401941,NA
44,1,104401,"coordinate_exchange","small","large","none","none",4,"low",144,9,12,18,1075.00000000002,92.9967195974947,NA
44,2,104402,"point_exchange","small","large","none","none",4,"low",144,9,12,18,12.9999999999768,93.5022358401941,NA
44,2,104402,"coordinate_exchange","small","large","none","none",4,"low",144,9,12,18,1089.00000000003,92.9967195974947,NA
45,1,104501,"point_exchange","small","large","none","none",4,"high",7056,9,12,6,91.0000000000082,92.9967195974947,NA
45,1,104501,"coordinate_exchange","small","large","none","none",4,"high",7056,9,12,6,427.999999999997,92.9967195974947,NA
45,2,104502,"point_exchange","small","large","none","none",4,"high",7056,9,12,6,86.0000000000127,92.9967195974947,NA
45,2,104502,"coordinate_exchange","small","large","none","none",4,"high",7056,9,12,6,540.999999999997,92.9967195974947,NA
46,1,104601,"point_exchange","small","large","none","none",5,"low",225,11,14,18,20.0000000000102,89.0756360632807,NA
46,1,104601,"coordinate_exchange","small","large","none","none",5,"low",225,11,14,18,1851,89.0756360632807,NA
46,2,104602,"point_exchange","small","large","none","none",5,"low",225,11,14,18,15.9999999999911,89.0756360632807,NA
46,2,104602,"coordinate_exchange","small","large","none","none",5,"low",225,11,14,18,1863,89.0756360632807,NA
47,1,104701,"point_exchange","small","large","none","none",5,"high",11025,11,14,6,198.999999999984,88.8268019937407,NA
47,1,104701,"coordinate_exchange","small","large","none","none",5,"high",11025,11,14,6,676.000000000016,88.940772051933,NA
47,2,104702,"point_exchange","small","large","none","none",5,"high",11025,11,14,6,231.999999999999,88.940772051933,NA
47,2,104702,"coordinate_exchange","small","large","none","none",5,"high",11025,11,14,6,704.999999999984,88.940772051933,NA
48,1,104801,"point_exchange","small","large","none","some",3,"low",81,8,10,18,22.0000000000198,76.1753085444826,NA
48,1,104801,"coordinate_exchange","small","large","none","some",3,"low",81,8,10,18,1063.99999999999,76.1753085444826,NA
48,2,104802,"point_exchange","small","large","none","some",3,"low",81,8,10,18,21.9999999999914,76.1753085444826,NA
48,2,104802,"coordinate_exchange","small","large","none","some",3,"low",81,8,10,18,1086.99999999999,76.1753085444826,NA
49,1,104901,"point_exchange","small","large","none","some",3,"high",3969,8,10,8,61.9999999999834,76.2104124205464,NA
49,1,104901,"coordinate_exchange","small","large","none","some",3,"high",3969,8,10,8,515.000000000015,76.2104124205464,NA
49,2,104902,"point_exchange","small","large","none","some",3,"high",3969,8,10,8,65.9999999999741,76.2104124205464,NA
49,2,104902,"coordinate_exchange","small","large","none","some",3,"high",3969,8,10,8,519.000000000005,76.2104124205464,NA
50,1,105001,"point_exchange","small","large","none","some",4,"high",7056,10,13,6,119,78.3745919652344,NA
50,1,105001,"coordinate_exchange","small","large","none","some",4,"high",7056,10,13,6,515.999999999991,78.2248167346379,NA
50,2,105002,"point_exchange","small","large","none","some",4,"high",7056,10,13,6,122.000000000014,78.3327128292847,NA
50,2,105002,"coordinate_exchange","small","large","none","some",4,"high",7056,10,13,6,508.999999999986,78.2248167346379,NA
51,1,105101,"point_exchange","small","large","none","some",5,"high",11025,12,15,6,242.999999999995,78.9126087915519,NA
51,1,105101,"coordinate_exchange","small","large","none","some",5,"high",11025,12,15,6,593.999999999994,78.9116035402844,NA
51,2,105102,"point_exchange","small","large","none","some",5,"high",11025,12,15,6,262,78.9116035402844,NA
51,2,105102,"coordinate_exchange","small","large","none","some",5,"high",11025,12,15,6,569.999999999993,78.9116035402844,NA
52,1,105201,"point_exchange","small","large","none","many",3,"low",81,9,12,18,9.9999999999909,62.0133628728361,NA
52,1,105201,"coordinate_exchange","small","large","none","many",3,"low",81,9,12,18,1360.00000000001,62.0133628728361,NA
52,2,105202,"point_exchange","small","large","none","many",3,"low",81,9,12,18,10.9999999999957,62.0133628728361,NA
52,2,105202,"coordinate_exchange","small","large","none","many",3,"low",81,9,12,18,1357,62.0133628728361,NA
53,1,105301,"point_exchange","small","large","none","many",3,"high",3969,9,12,8,81.9999999999936,61.9750565588317,NA
53,1,105301,"coordinate_exchange","small","large","none","many",3,"high",3969,9,12,8,542.000000000002,62.1089753625859,NA
53,2,105302,"point_exchange","small","large","none","many",3,"high",3969,9,12,8,82.9999999999984,62.2267616450425,NA
53,2,105302,"coordinate_exchange","small","large","none","many",3,"high",3969,9,12,8,639.999999999986,62.1089753625859,NA
54,1,105401,"point_exchange","small","large","none","many",4,"low",144,11,14,18,16.9999999999959,67.2516546424487,NA
54,1,105401,"coordinate_exchange","small","large","none","many",4,"low",144,11,14,18,1825.99999999999,67.0905249832036,NA
54,2,105402,"point_exchange","small","large","none","many",4,"low",144,11,14,18,15.9999999999911,67.2516546424487,NA
54,2,105402,"coordinate_exchange","small","large","none","many",4,"low",144,11,14,18,1821,67.0905249832036,NA
55,1,105501,"point_exchange","small","large","none","many",4,"high",7056,11,14,6,159.999999999997,67.1087575035304,NA
55,1,105501,"coordinate_exchange","small","large","none","many",4,"high",7056,11,14,6,579.000000000008,67.1024022168643,NA
55,2,105502,"point_exchange","small","large","none","many",4,"high",7056,11,14,6,170.999999999992,67.3164533910601,NA
55,2,105502,"coordinate_exchange","small","large","none","many",4,"high",7056,11,14,6,573.999999999984,67.1024022168643,NA
56,1,105601,"point_exchange","small","large","none","many",5,"high",11025,13,17,6,311.000000000007,69.9070049163347,NA
56,1,105601,"coordinate_exchange","small","large","none","many",5,"high",11025,13,17,6,788.999999999987,69.6994418873917,NA
56,2,105602,"point_exchange","small","large","none","many",5,"high",11025,13,17,6,343.000000000018,69.906834160465,NA
56,2,105602,"coordinate_exchange","small","large","none","many",5,"high",11025,13,17,6,764.999999999986,69.6994418873917,NA
57,1,105701,"point_exchange","small","large","some","none",3,"low",81,16,20,18,27.0000000000152,84.0802732302821,NA
57,1,105701,"coordinate_exchange","small","large","some","none",3,"low",81,16,20,18,2616.99999999999,84.0802732302821,NA
57,2,105702,"point_exchange","small","large","some","none",3,"low",81,16,20,18,27.9999999999916,84.0802732302821,NA
57,2,105702,"coordinate_exchange","small","large","some","none",3,"low",81,16,20,18,2634.99999999999,84.0802732302821,NA
58,1,105801,"point_exchange","small","large","some","none",4,"low",144,25,32,18,49.0000000000066,86.1300392464405,NA
58,1,105801,"coordinate_exchange","small","large","some","none",4,"low",144,25,32,18,5375,85.0744013882871,NA
58,2,105802,"point_exchange","small","large","some","none",4,"low",144,25,32,18,40.9999999999968,86.199669776121,NA
58,2,105802,"coordinate_exchange","small","large","some","none",4,"low",144,25,32,18,5291,85.0744013882871,NA
59,1,105901,"point_exchange","small","large","some","none",5,"low",225,36,45,18,208.000000000027,84.0068252079129,NA
59,1,105901,"coordinate_exchange","small","large","some","none",5,"low",225,36,45,18,5685,28.5134634647283,NA
59,2,105902,"point_exchange","small","large","some","none",5,"low",225,36,45,18,174.000000000035,84.006825207913,NA
59,2,105902,"coordinate_exchange","small","large","some","none",5,"low",225,36,45,18,5902.99999999996,28.5134634647283,NA
60,1,106001,"point_exchange","small","large","some","none",5,"high",11025,36,45,6,2457.99999999997,83.9577109577763,NA
60,1,106001,"coordinate_exchange","small","large","some","none",5,"high",11025,36,45,6,2488,0.0535365139025421,NA
60,2,106002,"point_exchange","small","large","some","none",5,"high",11025,36,45,6,2211.99999999999,84.0068252079129,NA
60,2,106002,"coordinate_exchange","small","large","some","none",5,"high",11025,36,45,6,2476,0.0535365139025421,NA
61,1,106101,"point_exchange","small","large","some","some",3,"low",81,17,22,18,22.9999999999677,75.6425087735759,NA
61,1,106101,"coordinate_exchange","small","large","some","some",3,"low",81,17,22,18,3463.00000000002,75.611507620393,NA
61,2,106102,"point_exchange","small","large","some","some",3,"low",81,17,22,18,21.000000000015,75.6425087735759,NA
61,2,106102,"coordinate_exchange","small","large","some","some",3,"low",81,17,22,18,3572,75.611507620393,NA
62,1,106201,"point_exchange","small","large","some","some",4,"high",7056,26,33,6,767.999999999972,77.3420288011094,NA
62,1,106201,"coordinate_exchange","small","large","some","some",4,"high",7056,26,33,6,2389.00000000001,17.1344218227774,NA
62,2,106202,"point_exchange","small","large","some","some",4,"high",7056,26,33,6,835.000000000036,77.2886059336842,NA
62,2,106202,"coordinate_exchange","small","large","some","some",4,"high",7056,26,33,6,2387,17.1344218227774,NA
63,1,106301,"point_exchange","small","large","some","some",5,"low",225,37,47,18,218.000000000018,78.7076442098375,NA
63,1,106301,"coordinate_exchange","small","large","some","some",5,"low",225,37,47,18,7793.99999999998,10.4623363536314,NA
63,2,106302,"point_exchange","small","large","some","some",5,"low",225,37,47,18,240.999999999985,78.6846242448756,NA
63,2,106302,"coordinate_exchange","small","large","some","some",5,"low",225,37,47,18,8069.00000000002,10.4623363536314,NA
64,1,106401,"point_exchange","small","large","some","some",5,"high",11025,37,47,6,3807.99999999999,78.8918443072699,NA
64,1,106401,"coordinate_exchange","small","large","some","some",5,"high",11025,37,47,6,1682.99999999999,12.5198659896418,NA
64,2,106402,"point_exchange","small","large","some","some",5,"high",11025,37,47,6,3492.00000000002,78.7345982222702,NA
64,2,106402,"coordinate_exchange","small","large","some","some",5,"high",11025,37,47,6,1689.00000000002,12.5198659896418,NA
65,1,106501,"point_exchange","small","large","some","many",3,"low",81,18,23,18,26.0000000000105,66.0439360472089,NA
65,1,106501,"coordinate_exchange","small","large","some","many",3,"low",81,18,23,18,4029.99999999997,66.0348912475753,NA
65,2,106502,"point_exchange","small","large","some","many",3,"low",81,18,23,18,19.0000000000055,66.0281156388925,NA
65,2,106502,"coordinate_exchange","small","large","some","many",3,"low",81,18,23,18,4226.99999999998,66.0348912475753,NA
66,1,106601,"point_exchange","small","large","some","many",3,"high",3969,18,23,8,314.999999999998,66.1660207401129,NA
66,1,106601,"coordinate_exchange","small","large","some","many",3,"high",3969,18,23,8,1872.00000000001,66.0579433141983,NA
66,2,106602,"point_exchange","small","large","some","many",3,"high",3969,18,23,8,256.000000000029,66.1660207401129,NA
66,2,106602,"coordinate_exchange","small","large","some","many",3,"high",3969,18,23,8,1867.00000000002,66.0579433141983,NA
67,1,106701,"point_exchange","small","large","some","many",4,"low",144,27,34,18,62.9999999999882,70.1160082933767,NA
67,1,106701,"coordinate_exchange","small","large","some","many",4,"low",144,27,34,18,6995,69.6510831026766,NA
67,2,106702,"point_exchange","small","large","some","many",4,"low",144,27,34,18,72.0000000000027,70.1800582602462,NA
67,2,106702,"coordinate_exchange","small","large","some","many",4,"low",144,27,34,18,7225.00000000002,69.6510831026766,NA
68,1,106801,"point_exchange","small","large","some","many",5,"low",225,38,48,18,213.000000000022,73.2328561314873,NA
68,1,106801,"coordinate_exchange","small","large","some","many",5,"low",225,38,48,18,11193,24.8607968634074,NA
68,2,106802,"point_exchange","small","large","some","many",5,"low",225,38,48,18,240.000000000009,73.2117640476357,NA
68,2,106802,"coordinate_exchange","small","large","some","many",5,"low",225,38,48,18,10742,24.8607968634074,NA
69,1,106901,"point_exchange","small","large","some","many",5,"high",11025,38,48,6,3276.99999999999,73.1336591542143,NA
69,1,106901,"coordinate_exchange","small","large","some","many",5,"high",11025,38,48,6,2555.00000000001,4.39012649499674,NA
69,2,106902,"point_exchange","small","large","some","many",5,"high",11025,38,48,6,3824.00000000001,73.0272032634121,NA
69,2,106902,"coordinate_exchange","small","large","some","many",5,"high",11025,38,48,6,2661,4.39012649499674,NA
70,1,107001,"point_exchange","small","large","many","none",3,"low",81,20,25,18,45.0000000000159,89.4897049492953,NA
70,1,107001,"coordinate_exchange","small","large","many","none",3,"low",81,20,25,18,3863,89.4897049492953,NA
70,2,107002,"point_exchange","small","large","many","none",3,"low",81,20,25,18,50.9999999999877,89.4897049492953,NA
70,2,107002,"coordinate_exchange","small","large","many","none",3,"low",81,20,25,18,3874.00000000002,89.4897049492953,NA
71,1,107101,"point_exchange","small","large","many","none",4,"low",144,31,39,18,100.999999999999,89.3479472286058,NA
71,1,107101,"coordinate_exchange","small","large","many","none",4,"low",144,31,39,18,7694.99999999999,89.0776399555069,NA
71,2,107102,"point_exchange","small","large","many","none",4,"low",144,31,39,18,105.999999999995,89.3479472286058,NA
71,2,107102,"coordinate_exchange","small","large","many","none",4,"low",144,31,39,18,7596,89.0776399555069,NA
72,1,107201,"point_exchange","small","large","many","none",4,"high",7056,31,39,6,1012,89.3479472286058,NA
72,1,107201,"coordinate_exchange","small","large","many","none",4,"high",7056,31,39,6,2704.00000000001,89.1844706340253,NA
72,2,107202,"point_exchange","small","large","many","none",4,"high",7056,31,39,6,1086.99999999999,89.3479472286058,NA
72,2,107202,"coordinate_exchange","small","large","many","none",4,"high",7056,31,39,6,2793.99999999998,89.1844706340253,NA
73,1,107301,"point_exchange","small","large","many","none",5,"low",225,44,55,18,268.000000000029,90.5060274121114,NA
73,1,107301,"coordinate_exchange","small","large","many","none",5,"low",225,44,55,18,9642,78.0383523960024,NA
73,2,107302,"point_exchange","small","large","many","none",5,"low",225,44,55,18,250,90.5060274121113,NA
73,2,107302,"coordinate_exchange","small","large","many","none",5,"low",225,44,55,18,9724.00000000005,78.0383523960024,NA
74,1,107401,"point_exchange","small","large","many","none",5,"high",11025,44,55,6,3801.99999999996,90.5060274121115,NA
74,1,107401,"coordinate_exchange","small","large","many","none",5,"high",11025,44,55,6,4375,89.9504780375533,NA
74,2,107402,"point_exchange","small","large","many","none",5,"high",11025,44,55,6,3529,90.408650981798,NA
74,2,107402,"coordinate_exchange","small","large","many","none",5,"high",11025,44,55,6,4386.00000000002,89.9504780375533,NA
75,1,107501,"point_exchange","small","large","many","some",3,"low",81,21,27,18,34.0000000000487,79.9260221629487,NA
75,1,107501,"coordinate_exchange","small","large","many","some",3,"low",81,21,27,18,3887.99999999998,79.7945607814906,NA
75,2,107502,"point_exchange","small","large","many","some",3,"low",81,21,27,18,30.0000000000296,79.9260221629487,NA
75,2,107502,"coordinate_exchange","small","large","many","some",3,"low",81,21,27,18,3807.99999999999,79.7945607814906,NA
76,1,107601,"point_exchange","small","large","many","some",3,"high",3969,21,27,8,376.000000000033,80.0506116603753,NA
76,1,107601,"coordinate_exchange","small","large","many","some",3,"high",3969,21,27,8,1690.99999999997,80.0506116603753,NA
76,2,107602,"point_exchange","small","large","many","some",3,"high",3969,21,27,8,391.00000000002,80.0506116603753,NA
76,2,107602,"coordinate_exchange","small","large","many","some",3,"high",3969,21,27,8,1670.00000000002,80.0506116603753,NA
77,1,107701,"point_exchange","small","large","many","some",5,"low",225,45,57,18,281.000000000006,84.0554324143188,NA
77,1,107701,"coordinate_exchange","small","large","many","some",5,"low",225,45,57,18,10054,83.9487199911466,NA
77,2,107702,"point_exchange","small","large","many","some",5,"low",225,45,57,18,314.999999999998,84.117391342454,NA
77,2,107702,"coordinate_exchange","small","large","many","some",5,"low",225,45,57,18,9944.00000000002,83.9487199911466,NA
78,1,107801,"point_exchange","small","large","many","some",5,"high",11025,45,57,6,4781.99999999998,84.1326311290298,NA
78,1,107801,"coordinate_exchange","small","large","many","some",5,"high",11025,45,57,6,2182.00000000002,54.5909628412251,NA
78,2,107802,"point_exchange","small","large","many","some",5,"high",11025,45,57,6,4840.99999999995,84.0054469708202,NA
78,2,107802,"coordinate_exchange","small","large","many","some",5,"high",11025,45,57,6,2083.00000000003,54.5909628412251,NA
79,1,107901,"point_exchange","small","large","many","many",3,"low",81,22,28,18,43.0000000000064,70.7125227736101,NA
79,1,107901,"coordinate_exchange","small","large","many","many",3,"low",81,22,28,18,4735.99999999999,70.7125227736102,NA
79,2,107902,"point_exchange","small","large","many","many",3,"low",81,22,28,18,33.0000000000155,70.7125227736101,NA
79,2,107902,"coordinate_exchange","small","large","many","many",3,"low",81,22,28,18,4719.99999999997,70.7125227736102,NA
80,1,108001,"point_exchange","small","large","many","many",3,"high",3969,22,28,8,343.999999999994,70.9639109409749,NA
80,1,108001,"coordinate_exchange","small","large","many","many",3,"high",3969,22,28,8,2168.99999999998,70.374814740866,NA
80,2,108002,"point_exchange","small","large","many","many",3,"high",3969,22,28,8,330.99999999996,70.9639109409748,NA
80,2,108002,"coordinate_exchange","small","large","many","many",3,"high",3969,22,28,8,2319.00000000007,70.374814740866,NA
81,1,108101,"point_exchange","small","large","many","many",4,"low",144,33,42,18,108.999999999924,75.3573441941979,NA
81,1,108101,"coordinate_exchange","small","large","many","many",4,"low",144,33,42,18,10585,74.4368462578425,NA
81,2,108102,"point_exchange","small","large","many","many",4,"low",144,33,42,18,118.000000000052,75.3573441941979,NA
81,2,108102,"coordinate_exchange","small","large","many","many",4,"low",144,33,42,18,10598.9999999999,74.4368462578425,NA
82,1,108201,"point_exchange","small","large","many","many",5,"high",11025,46,58,6,6331.00000000002,77.9044774421636,NA
82,1,108201,"coordinate_exchange","small","large","many","many",5,"high",11025,46,58,6,4798.99999999998,12.6901867468655,NA
82,2,108202,"point_exchange","small","large","many","many",5,"high",11025,46,58,6,6023.00000000002,77.9896539916726,NA
82,2,108202,"coordinate_exchange","small","large","many","many",5,"high",11025,46,58,6,4899.99999999998,12.6901867468655,NA
83,1,108301,"point_exchange","large","small","none","none",3,"low",27,5,13,12,16.0000000000764,98.9672331600786,NA
83,1,108301,"coordinate_exchange","large","small","none","none",3,"low",27,5,13,12,229.999999999905,98.9672331600786,NA
83,2,108302,"point_exchange","large","small","none","none",3,"low",27,5,13,12,14.00000000001,98.9672331600786,NA
83,2,108302,"coordinate_exchange","large","small","none","none",3,"low",27,5,13,12,223.00000000007,98.9672331600786,NA
84,1,108401,"point_exchange","large","small","none","none",3,"high",1323,5,13,8,24.9999999999773,98.9672331600786,NA
84,1,108401,"coordinate_exchange","large","small","none","none",3,"high",1323,5,13,8,225.999999999999,98.9672331600786,NA
84,2,108402,"point_exchange","large","small","none","none",3,"high",1323,5,13,8,27.0000000000437,98.9672331600786,NA
84,2,108402,"coordinate_exchange","large","small","none","none",3,"high",1323,5,13,8,231.999999999971,98.9672331600786,NA
85,1,108501,"point_exchange","large","small","none","none",4,"low",36,6,14,12,14.00000000001,97.7129112386684,NA
85,1,108501,"coordinate_exchange","large","small","none","none",4,"low",36,6,14,12,293.000000000006,97.7129112386684,NA
85,2,108502,"point_exchange","large","small","none","none",4,"low",36,6,14,12,15.9999999999627,97.7129112386684,NA
85,2,108502,"coordinate_exchange","large","small","none","none",4,"low",36,6,14,12,282.000000000039,97.7129112386684,NA
86,1,108601,"point_exchange","large","small","none","none",5,"low",45,7,15,12,19.0000000000055,96.690764394597,NA
86,1,108601,"coordinate_exchange","large","small","none","none",5,"low",45,7,15,12,384.999999999991,96.690764394597,NA
86,2,108602,"point_exchange","large","small","none","none",5,"low",45,7,15,12,15.9999999999627,96.690764394597,NA
86,2,108602,"coordinate_exchange","large","small","none","none",5,"low",45,7,15,12,393.000000000029,96.690764394597,NA
87,1,108701,"point_exchange","large","small","none","none",5,"high",2205,7,15,5,28.00000000002,96.690764394597,NA
87,1,108701,"coordinate_exchange","large","small","none","none",5,"high",2205,7,15,5,216.999999999985,96.690764394597,NA
87,2,108702,"point_exchange","large","small","none","none",5,"high",2205,7,15,5,30.9999999999491,96.690764394597,NA
87,2,108702,"coordinate_exchange","large","small","none","none",5,"high",2205,7,15,5,220.000000000027,96.690764394597,NA
88,1,108801,"point_exchange","large","small","none","some",3,"high",1323,6,14,8,33.0000000000155,71.038523321392,NA
88,1,108801,"coordinate_exchange","large","small","none","some",3,"high",1323,6,14,8,322.000000000003,71.038523321392,NA
88,2,108802,"point_exchange","large","small","none","some",3,"high",1323,6,14,8,31.0000000000628,71.0385233213919,NA
88,2,108802,"coordinate_exchange","large","small","none","some",3,"high",1323,6,14,8,312.000000000012,71.038523321392,NA
89,1,108901,"point_exchange","large","small","none","some",4,"high",1764,7,15,5,32.0000000000391,74.3077301752697,NA
89,1,108901,"coordinate_exchange","large","small","none","some",4,"high",1764,7,15,5,167.00000000003,74.3077301752697,NA
89,2,108902,"point_exchange","large","small","none","some",4,"high",1764,7,15,5,24.9999999999773,74.3077301752697,NA
89,2,108902,"coordinate_exchange","large","small","none","some",4,"high",1764,7,15,5,162.000000000035,74.3077301752697,NA
90,1,109001,"point_exchange","large","small","none","some",5,"low",45,8,16,12,17.0000000000528,77.1665772367603,NA
90,1,109001,"coordinate_exchange","large","small","none","some",5,"low",45,8,16,12,467.999999999961,77.1665772367603,NA
90,2,109002,"point_exchange","large","small","none","some",5,"low",45,8,16,12,17.0000000000528,77.1665772367603,NA
90,2,109002,"coordinate_exchange","large","small","none","some",5,"low",45,8,16,12,456.999999999994,77.1665772367603,NA
91,1,109101,"point_exchange","large","small","none","some",5,"high",2205,8,16,5,33.0000000000155,77.1761200578137,NA
91,1,109101,"coordinate_exchange","large","small","none","some",5,"high",2205,8,16,5,197.000000000003,77.1761200578136,NA
91,2,109102,"point_exchange","large","small","none","some",5,"high",2205,8,16,5,29.9999999999727,77.1761200578137,NA
91,2,109102,"coordinate_exchange","large","small","none","some",5,"high",2205,8,16,5,183.999999999969,77.1761200578136,NA
92,1,109201,"point_exchange","large","small","none","many",3,"low",27,7,15,12,15.9999999999627,56.0946235152689,NA
92,1,109201,"coordinate_exchange","large","small","none","many",3,"low",27,7,15,12,409.999999999968,56.0946235152689,NA
92,2,109202,"point_exchange","large","small","none","many",3,"low",27,7,15,12,17.0000000000528,56.0946235152688,NA
92,2,109202,"coordinate_exchange","large","small","none","many",3,"low",27,7,15,12,417.00000000003,56.0946235152689,NA
93,1,109301,"point_exchange","large","small","none","many",3,"high",1323,7,15,8,38.9999999999873,56.2949960766859,NA
93,1,109301,"coordinate_exchange","large","small","none","many",3,"high",1323,7,15,8,340.000000000032,56.2731949670794,NA
93,2,109302,"point_exchange","large","small","none","many",3,"high",1323,7,15,8,36.0000000000582,56.2731949670794,NA
93,2,109302,"coordinate_exchange","large","small","none","many",3,"high",1323,7,15,8,343.999999999937,56.2731949670794,NA
94,1,109401,"point_exchange","large","small","none","many",4,"low",36,8,16,12,16.0000000000764,59.9401517993085,NA
94,1,109401,"coordinate_exchange","large","small","none","many",4,"low",36,8,16,12,451.999999999998,59.9401517993085,NA
94,2,109402,"point_exchange","large","small","none","many",4,"low",36,8,16,12,15.9999999999627,59.9401517993085,NA
94,2,109402,"coordinate_exchange","large","small","none","many",4,"low",36,8,16,12,446.000000000026,59.9401517993085,NA
95,1,109501,"point_exchange","large","small","none","many",4,"high",1764,8,16,5,31.0000000000628,60.0814835560691,NA
95,1,109501,"coordinate_exchange","large","small","none","many",4,"high",1764,8,16,5,253.000000000043,60.0808381874502,NA
95,2,109502,"point_exchange","large","small","none","many",4,"high",1764,8,16,5,35.9999999999445,60.0925267207845,NA
95,2,109502,"coordinate_exchange","large","small","none","many",4,"high",1764,8,16,5,245.000000000005,60.0808381874502,NA
96,1,109601,"point_exchange","large","small","none","many",5,"high",2205,9,18,5,43.9999999999827,63.903772862263,NA
96,1,109601,"coordinate_exchange","large","small","none","many",5,"high",2205,9,18,5,218.999999999937,63.8777604950459,NA
96,2,109602,"point_exchange","large","small","none","many",5,"high",2205,9,18,5,39.9999999999636,63.8904860716035,NA
96,2,109602,"coordinate_exchange","large","small","none","many",5,"high",2205,9,18,5,217.999999999961,63.8777604950459,NA
97,1,109701,"point_exchange","large","small","some","none",3,"low",27,8,16,12,15.9999999999627,96.5816091338023,NA
97,1,109701,"coordinate_exchange","large","small","some","none",3,"low",27,8,16,12,445.00000000005,96.5816091338023,NA
97,2,109702,"point_exchange","large","small","some","none",3,"low",27,8,16,12,14.00000000001,96.5816091338023,NA
97,2,109702,"coordinate_exchange","large","small","some","none",3,"low",27,8,16,12,471.000000000004,96.5816091338023,NA
98,1,109801,"point_exchange","large","small","some","none",3,"high",1323,8,16,8,30.9999999999491,96.5816091338023,NA
98,1,109801,"coordinate_exchange","large","small","some","none",3,"high",1323,8,16,8,191.000000000031,96.5816091338023,NA
98,2,109802,"point_exchange","large","small","some","none",3,"high",1323,8,16,8,28.9999999999964,96.5816091338023,NA
98,2,109802,"coordinate_exchange","large","small","some","none",3,"high",1323,8,16,8,209.00000000006,96.5816091338023,NA
99,1,109901,"point_exchange","large","small","some","none",5,"low",45,12,23,12,21.9999999999345,97.7665987513457,NA
99,1,109901,"coordinate_exchange","large","small","some","none",5,"low",45,12,23,12,710.000000000036,97.7665987513457,NA
99,2,109902,"point_exchange","large","small","some","none",5,"low",45,12,23,12,21.0000000000719,97.7665987513457,NA
99,2,109902,"coordinate_exchange","large","small","some","none",5,"low",45,12,23,12,719.999999999914,97.7665987513457,NA
100,1,110001,"point_exchange","large","small","some","none",5,"high",2205,12,23,5,40.99999999994,97.7665987513457,NA
100,1,110001,"coordinate_exchange","large","small","some","none",5,"high",2205,12,23,5,466.000000000008,97.7665987513457,NA
100,2,110002,"point_exchange","large","small","some","none",5,"high",2205,12,23,5,43.0000000000064,97.7665987513457,NA
100,2,110002,"coordinate_exchange","large","small","some","none",5,"high",2205,12,23,5,452.999999999975,97.7665987513457,NA
101,1,110101,"point_exchange","large","small","some","some",3,"high",1323,9,18,8,39.9999999999636,72.2697166516095,NA
101,1,110101,"coordinate_exchange","large","small","some","some",3,"high",1323,9,18,8,389.999999999986,72.2697166516095,NA
101,2,110102,"point_exchange","large","small","some","some",3,"high",1323,9,18,8,41.0000000000537,72.2697166516095,NA
101,2,110102,"coordinate_exchange","large","small","some","some",3,"high",1323,9,18,8,363.999999999919,72.2697166516095,NA
102,1,110201,"point_exchange","large","small","some","some",4,"low",36,11,21,12,21.9999999999345,75.7447649340081,NA
102,1,110201,"coordinate_exchange","large","small","some","some",4,"low",36,11,21,12,1276.00000000007,75.7447649340081,NA
102,2,110202,"point_exchange","large","small","some","some",4,"low",36,11,21,12,23.0000000000246,75.7447649340081,NA
102,2,110202,"coordinate_exchange","large","small","some","some",4,"low",36,11,21,12,1385.99999999997,75.7447649340081,NA
103,1,110301,"point_exchange","large","small","some","some",4,"high",1764,11,21,5,42.00000000003,75.7447649340081,NA
103,1,110301,"coordinate_exchange","large","small","some","some",4,"high",1764,11,21,5,243.000000000052,75.7447649340081,NA
103,2,110302,"point_exchange","large","small","some","some",4,"high",1764,11,21,5,40.99999999994,75.7447649340081,NA
103,2,110302,"coordinate_exchange","large","small","some","some",4,"high",1764,11,21,5,264.00000000001,75.7447649340081,NA
104,1,110401,"point_exchange","large","small","some","some",5,"low",45,13,25,12,21.9999999999345,78.0662916539105,NA
104,1,110401,"coordinate_exchange","large","small","some","some",5,"low",45,13,25,12,778.00000000002,78.0662916539104,NA
104,2,110402,"point_exchange","large","small","some","some",5,"low",45,13,25,12,24.0000000000009,78.0662916539104,NA
104,2,110402,"coordinate_exchange","large","small","some","some",5,"low",45,13,25,12,768.000000000029,78.0662916539104,NA
105,1,110501,"point_exchange","large","small","some","many",3,"low",27,10,19,12,19.0000000000055,60.2581295576004,NA
105,1,110501,"coordinate_exchange","large","small","some","many",3,"low",27,10,19,12,564.000000000078,60.2581295576004,NA
105,2,110502,"point_exchange","large","small","some","many",3,"low",27,10,19,12,17.0000000000528,60.2581295576004,NA
105,2,110502,"coordinate_exchange","large","small","some","many",3,"low",27,10,19,12,565.999999999917,60.2581295576004,NA
106,1,110601,"point_exchange","large","small","some","many",4,"low",36,12,23,12,24.9999999999773,63.9113980718327,NA
106,1,110601,"coordinate_exchange","large","small","some","many",4,"low",36,12,23,12,1472.99999999996,63.9113980718327,NA
106,2,110602,"point_exchange","large","small","some","many",4,"low",36,12,23,12,21.0000000000719,63.9113980718327,NA
106,2,110602,"coordinate_exchange","large","small","some","many",4,"low",36,12,23,12,1478.99999999993,63.9113980718327,NA
107,1,110701,"point_exchange","large","small","some","many",4,"high",1764,12,23,5,44.9999999999591,63.9995626046667,NA
107,1,110701,"coordinate_exchange","large","small","some","many",4,"high",1764,12,23,5,421.000000000049,63.9970330584314,NA
107,2,110702,"point_exchange","large","small","some","many",4,"high",1764,12,23,5,46.0000000000491,63.9995626046667,NA
107,2,110702,"coordinate_exchange","large","small","some","many",4,"high",1764,12,23,5,423.000000000002,63.9970330584314,NA
108,1,110801,"point_exchange","large","small","some","many",5,"low",45,14,27,12,19.9999999999818,66.9211907866778,NA
108,1,110801,"coordinate_exchange","large","small","some","many",5,"low",45,14,27,12,1529,66.9211907866778,NA
108,2,110802,"point_exchange","large","small","some","many",5,"low",45,14,27,12,27.0000000000437,66.9211907866778,NA
108,2,110802,"coordinate_exchange","large","small","some","many",5,"low",45,14,27,12,1554.99999999995,66.9211907866778,NA
109,1,110901,"point_exchange","large","small","some","many",5,"high",2205,14,27,5,72.0000000000027,67.0687686104879,NA
109,1,110901,"coordinate_exchange","large","small","some","many",5,"high",2205,14,27,5,613.000000000056,67.0203508609602,NA
109,2,110902,"point_exchange","large","small","some","many",5,"high",2205,14,27,5,76.0000000000218,67.0687686104879,NA
109,2,110902,"coordinate_exchange","large","small","some","many",5,"high",2205,14,27,5,617.999999999938,67.0203508609602,NA
110,1,111001,"point_exchange","large","small","many","none",3,"high",1323,10,19,8,38.0000000000109,95.7294673585515,NA
110,1,111001,"coordinate_exchange","large","small","many","none",3,"high",1323,10,19,8,341.999999999985,95.7294673585514,NA
110,2,111002,"point_exchange","large","small","many","none",3,"high",1323,10,19,8,35.9999999999445,95.7294673585515,NA
110,2,111002,"coordinate_exchange","large","small","many","none",3,"high",1323,10,19,8,341.000000000008,95.7294673585514,NA
111,1,111101,"point_exchange","large","small","many","none",4,"low",36,13,25,12,23.0000000000246,95.7838789095482,NA
111,1,111101,"coordinate_exchange","large","small","many","none",4,"low",36,13,25,12,1182.99999999999,95.7838789095482,NA
111,2,111102,"point_exchange","large","small","many","none",4,"low",36,13,25,12,21.9999999999345,95.7838789095482,NA
111,2,111102,"coordinate_exchange","large","small","many","none",4,"low",36,13,25,12,1282.00000000004,95.7838789095482,NA
112,1,111201,"point_exchange","large","small","many","none",4,"high",1764,13,25,5,43.0000000000064,95.7838789095482,NA
112,1,111201,"coordinate_exchange","large","small","many","none",4,"high",1764,13,25,5,177.000000000021,95.7838789095482,NA
112,2,111202,"point_exchange","large","small","many","none",4,"high",1764,13,25,5,41.0000000000537,95.7838789095482,NA
112,2,111202,"coordinate_exchange","large","small","many","none",4,"high",1764,13,25,5,192.999999999984,95.7838789095482,NA
113,1,111301,"point_exchange","large","small","many","none",5,"low",45,16,31,12,26.0000000000673,95.8313255772348,NA
113,1,111301,"coordinate_exchange","large","small","many","none",5,"low",45,16,31,12,1046.99999999991,95.8313255772348,NA
113,2,111302,"point_exchange","large","small","many","none",5,"low",45,16,31,12,26.99999999993,95.8313255772348,NA
113,2,111302,"coordinate_exchange","large","small","many","none",5,"low",45,16,31,12,1053.99999999997,95.8313255772348,NA
114,1,111401,"point_exchange","large","small","many","some",3,"low",27,11,21,12,18.0000000000291,75.3486505806044,NA
114,1,111401,"coordinate_exchange","large","small","many","some",3,"low",27,11,21,12,798.000000000002,75.3486505806044,NA
114,2,111402,"point_exchange","large","small","many","some",3,"low",27,11,21,12,21.9999999999345,75.3486505806044,NA
114,2,111402,"coordinate_exchange","large","small","many","some",3,"low",27,11,21,12,814.000000000078,75.3486505806044,NA
115,1,111501,"point_exchange","large","small","many","some",4,"low",36,14,27,12,21.9999999999345,78.7314551143865,NA
115,1,111501,"coordinate_exchange","large","small","many","some",4,"low",36,14,27,12,1420.00000000007,78.7314551143865,NA
115,2,111502,"point_exchange","large","small","many","some",4,"low",36,14,27,12,20.9999999999582,78.7314551143865,NA
115,2,111502,"coordinate_exchange","large","small","many","some",4,"low",36,14,27,12,1384.00000000001,78.7314551143865,NA
116,1,111601,"point_exchange","large","small","many","some",5,"low",45,17,33,12,34.0000000001055,80.7798609603696,NA
116,1,111601,"coordinate_exchange","large","small","many","some",5,"low",45,17,33,12,1642.99999999992,80.7798609603695,NA
116,2,111602,"point_exchange","large","small","many","some",5,"low",45,17,33,12,28.00000000002,80.7798609603695,NA
116,2,111602,"coordinate_exchange","large","small","many","some",5,"low",45,17,33,12,1687.99999999999,80.7798609603695,NA
117,1,111701,"point_exchange","large","small","many","some",5,"high",2205,17,33,5,86.9999999999891,80.7798609603696,NA
117,1,111701,"coordinate_exchange","large","small","many","some",5,"high",2205,17,33,5,405.999999999949,80.7798609603695,NA
117,2,111702,"point_exchange","large","small","many","some",5,"high",2205,17,33,5,92.9999999999609,80.7798609603695,NA
117,2,111702,"coordinate_exchange","large","small","many","some",5,"high",2205,17,33,5,417.00000000003,80.7798609603695,NA
118,1,111801,"point_exchange","large","small","many","many",3,"low",27,12,23,12,23.0000000000246,62.1753665285168,NA
118,1,111801,"coordinate_exchange","large","small","many","many",3,"low",27,12,23,12,906.999999999925,62.1753665285169,NA
118,2,111802,"point_exchange","large","small","many","many",3,"low",27,12,23,12,19.9999999999818,62.1753665285169,NA
118,2,111802,"coordinate_exchange","large","small","many","many",3,"low",27,12,23,12,903.00000000002,62.1753665285169,NA
119,1,111901,"point_exchange","large","small","many","many",3,"high",1323,12,23,8,62.0000000000118,62.1858082614388,NA
119,1,111901,"coordinate_exchange","large","small","many","many",3,"high",1323,12,23,8,629.999999999995,62.1858082614388,NA
119,2,111902,"point_exchange","large","small","many","many",3,"high",1323,12,23,8,62.0000000000118,62.1858082614388,NA
119,2,111902,"coordinate_exchange","large","small","many","many",3,"high",1323,12,23,8,658.999999999992,62.1858082614388,NA
120,1,112001,"point_exchange","large","small","many","many",4,"high",1764,15,29,5,62.9999999999882,65.9966474402849,NA
120,1,112001,"coordinate_exchange","large","small","many","many",4,"high",1764,15,29,5,480.999999999995,65.9966474402849,NA
120,2,112002,"point_exchange","large","small","many","many",4,"high",1764,15,29,5,62.0000000000118,65.9966474402849,NA
120,2,112002,"coordinate_exchange","large","small","many","many",4,"high",1764,15,29,5,474.000000000046,65.9966474402849,NA
121,1,112101,"point_exchange","large","small","many","many",5,"high",2205,18,35,5,103.999999999928,68.9985249467985,NA
121,1,112101,"coordinate_exchange","large","small","many","many",5,"high",2205,18,35,5,552.000000000021,68.9564338245277,NA
121,2,112102,"point_exchange","large","small","many","many",5,"high",2205,18,35,5,105.999999999995,68.9985249467985,NA
121,2,112102,"coordinate_exchange","large","small","many","many",5,"high",2205,18,35,5,543.000000000006,68.9564338245277,NA
122,1,112201,"point_exchange","large","large","none","none",3,"low",81,7,15,12,19.0000000000055,97.6655692961632,NA
122,1,112201,"coordinate_exchange","large","large","none","none",3,"low",81,7,15,12,575.000000000045,97.6655692961632,NA
122,2,112202,"point_exchange","large","large","none","none",3,"low",81,7,15,12,19.9999999999818,97.6655692961632,NA
122,2,112202,"coordinate_exchange","large","large","none","none",3,"low",81,7,15,12,572.000000000003,97.6655692961632,NA
123,1,112301,"point_exchange","large","large","none","none",4,"low",144,9,18,12,21.9999999999345,98.1389313802882,NA
123,1,112301,"coordinate_exchange","large","large","none","none",4,"low",144,9,18,12,802.000000000021,98.1389313802882,NA
123,2,112302,"point_exchange","large","large","none","none",4,"low",144,9,18,12,21.0000000000719,98.1389313802882,NA
123,2,112302,"coordinate_exchange","large","large","none","none",4,"low",144,9,18,12,805.999999999926,98.1389313802882,NA
124,1,112401,"point_exchange","large","large","none","none",5,"low",225,11,21,12,25.9999999999536,97.539237922719,NA
124,1,112401,"coordinate_exchange","large","large","none","none",5,"low",225,11,21,12,1346.99999999998,97.539237922719,NA
124,2,112402,"point_exchange","large","large","none","none",5,"low",225,11,21,12,27.9999999999063,97.539237922719,NA
124,2,112402,"coordinate_exchange","large","large","none","none",5,"low",225,11,21,12,1313.0000000001,97.539237922719,NA
125,1,112501,"point_exchange","large","large","none","none",5,"high",11025,11,21,4,150.999999999954,97.539237922719,NA
125,1,112501,"coordinate_exchange","large","large","none","none",5,"high",11025,11,21,4,379.999999999995,97.539237922719,NA
125,2,112502,"point_exchange","large","large","none","none",5,"high",11025,11,21,4,171.999999999912,97.539237922719,NA
125,2,112502,"coordinate_exchange","large","large","none","none",5,"high",11025,11,21,4,360.000000000014,97.539237922719,NA
126,1,112601,"point_exchange","large","large","none","some",3,"low",81,8,16,12,22.9999999999109,76.7538390834865,NA
126,1,112601,"coordinate_exchange","large","large","none","some",3,"low",81,8,16,12,733.000000000061,76.7538390834865,NA
126,2,112602,"point_exchange","large","large","none","some",3,"low",81,8,16,12,19.9999999999818,76.7538390834865,NA
126,2,112602,"coordinate_exchange","large","large","none","some",3,"low",81,8,16,12,728.000000000065,76.7538390834865,NA
127,1,112701,"point_exchange","large","large","none","some",3,"high",3969,8,16,5,60.0000000000591,76.8955304833259,NA
127,1,112701,"coordinate_exchange","large","large","none","some",3,"high",3969,8,16,5,353.999999999928,76.8568917503156,NA
127,2,112702,"point_exchange","large","large","none","some",3,"high",3969,8,16,5,74.0000000000691,76.8699915092909,NA
127,2,112702,"coordinate_exchange","large","large","none","some",3,"high",3969,8,16,5,360.99999999999,76.8568917503156,NA
128,1,112801,"point_exchange","large","large","none","some",4,"low",144,10,19,12,17.0000000000528,80.1024032459555,NA
128,1,112801,"coordinate_exchange","large","large","none","some",4,"low",144,10,19,12,993.999999999915,80.1024032459554,NA
128,2,112802,"point_exchange","large","large","none","some",4,"low",144,10,19,12,16.9999999999391,80.1024032459554,NA
128,2,112802,"coordinate_exchange","large","large","none","some",4,"low",144,10,19,12,971.000000000004,80.1024032459554,NA
129,1,112901,"point_exchange","large","large","none","some",4,"high",7056,10,19,4,109.000000000037,80.1246442796969,NA
129,1,112901,"coordinate_exchange","large","large","none","some",4,"high",7056,10,19,4,481.999999999971,80.0669706452405,NA
129,2,112902,"point_exchange","large","large","none","some",4,"high",7056,10,19,4,106.999999999971,80.1214155188136,NA
129,2,112902,"coordinate_exchange","large","large","none","some",4,"high",7056,10,19,4,486.000000000104,80.0669706452405,NA
130,1,113001,"point_exchange","large","large","none","some",5,"high",11025,12,23,4,236.999999999966,82.741137865413,NA
130,1,113001,"coordinate_exchange","large","large","none","some",5,"high",11025,12,23,4,564.000000000078,82.8015411163425,NA
130,2,113002,"point_exchange","large","large","none","some",5,"high",11025,12,23,4,289.999999999964,82.7955555283537,NA
130,2,113002,"coordinate_exchange","large","large","none","some",5,"high",11025,12,23,4,567.000000000007,82.8015411163425,NA
131,1,113101,"point_exchange","large","large","none","many",3,"high",3969,9,18,5,79.0000000000646,65.4199597676704,NA
131,1,113101,"coordinate_exchange","large","large","none","many",3,"high",3969,9,18,5,485.99999999999,64.6659894594334,NA
131,2,113102,"point_exchange","large","large","none","many",3,"high",3969,9,18,5,77.9999999999745,65.4199597676704,NA
131,2,113102,"coordinate_exchange","large","large","none","many",3,"high",3969,9,18,5,589.000000000055,64.6659894594334,NA
132,1,113201,"point_exchange","large","large","none","many",4,"low",144,11,21,12,24.0000000000009,68.557504266278,NA
132,1,113201,"coordinate_exchange","large","large","none","many",4,"low",144,11,21,12,1345.00000000003,68.557504266278,NA
132,2,113202,"point_exchange","large","large","none","many",4,"low",144,11,21,12,15.9999999999627,68.557504266278,NA
132,2,113202,"coordinate_exchange","large","large","none","many",4,"low",144,11,21,12,1373.00000000005,68.557504266278,NA
133,1,113301,"point_exchange","large","large","none","many",4,"high",7056,11,21,4,157.999999999902,68.5877996988257,NA
133,1,113301,"coordinate_exchange","large","large","none","many",4,"high",7056,11,21,4,738.000000000056,68.415254576938,NA
133,2,113302,"point_exchange","large","large","none","many",4,"high",7056,11,21,4,153.00000000002,68.5202020749651,NA
133,2,113302,"coordinate_exchange","large","large","none","many",4,"high",7056,11,21,4,750.999999999976,68.415254576938,NA
134,1,113401,"point_exchange","large","large","none","many",5,"low",225,13,25,12,27.0000000000437,72.6491340262207,NA
134,1,113401,"coordinate_exchange","large","large","none","many",5,"low",225,13,25,12,1608.00000000006,72.6491340262207,NA
134,2,113402,"point_exchange","large","large","none","many",5,"low",225,13,25,12,20.9999999999582,72.6491340262207,NA
134,2,113402,"coordinate_exchange","large","large","none","many",5,"low",225,13,25,12,1579.00000000006,72.6491340262207,NA
135,1,113501,"point_exchange","large","large","some","none",3,"high",3969,16,31,5,120.000000000005,96.3031274893297,NA
135,1,113501,"coordinate_exchange","large","large","some","none",3,"high",3969,16,31,5,581.999999999994,96.3031274893298,NA
135,2,113502,"point_exchange","large","large","some","none",3,"high",3969,16,31,5,110.99999999999,96.3031274893297,NA
135,2,113502,"coordinate_exchange","large","large","some","none",3,"high",3969,16,31,5,581.999999999994,96.3031274893298,NA
136,1,113601,"point_exchange","large","large","some","none",4,"low",144,25,48,12,48.9999999999782,94.8469134213184,NA
136,1,113601,"coordinate_exchange","large","large","some","none",4,"low",144,25,48,12,4026.00000000007,94.8637953600524,NA
136,2,113602,"point_exchange","large","large","some","none",4,"low",144,25,48,12,47.0000000000255,94.8469134213182,NA
136,2,113602,"coordinate_exchange","large","large","some","none",4,"low",144,25,48,12,4076.00000000002,94.8637953600524,NA
137,1,113701,"point_exchange","large","large","some","none",4,"high",7056,25,48,4,447.999999999979,94.8469134213182,NA
137,1,113701,"coordinate_exchange","large","large","some","none",4,"high",7056,25,48,4,1192.00000000001,94.8637953600524,NA
137,2,113702,"point_exchange","large","large","some","none",4,"high",7056,25,48,4,472.999999999956,94.8469134213183,NA
137,2,113702,"coordinate_exchange","large","large","some","none",4,"high",7056,25,48,4,1176.00000000004,94.8637953600524,NA
138,1,113801,"point_exchange","large","large","some","none",5,"low",225,36,69,12,140.999999999963,94.5633406599212,NA
138,1,113801,"coordinate_exchange","large","large","some","none",5,"low",225,36,69,12,7821.00000000003,94.547298851171,NA
138,2,113802,"point_exchange","large","large","some","none",5,"low",225,36,69,12,157.000000000039,94.5580652574276,NA
138,2,113802,"coordinate_exchange","large","large","some","none",5,"low",225,36,69,12,7971.99999999998,94.547298851171,NA
139,1,113901,"point_exchange","large","large","some","none",5,"high",11025,36,69,4,2133.9999999999,94.5504971012177,NA
139,1,113901,"coordinate_exchange","large","large","some","none",5,"high",11025,36,69,4,3050.00000000007,94.5507452050818,NA
139,2,113902,"point_exchange","large","large","some","none",5,"high",11025,36,69,4,2325.00000000005,94.5584136572831,NA
139,2,113902,"coordinate_exchange","large","large","some","none",5,"high",11025,36,69,4,3099.99999999991,94.5507452050818,NA
140,1,114001,"point_exchange","large","large","some","some",3,"low",81,17,33,12,20.9999999999582,82.8557077126824,NA
140,1,114001,"coordinate_exchange","large","large","some","some",3,"low",81,17,33,12,2792.00000000003,82.8365382443882,NA
140,2,114002,"point_exchange","large","large","some","some",3,"low",81,17,33,12,22.0000000000482,82.8557077126824,NA
140,2,114002,"coordinate_exchange","large","large","some","some",3,"low",81,17,33,12,2942.00000000001,82.8365382443882,NA
141,1,114101,"point_exchange","large","large","some","some",3,"high",3969,17,33,5,210.000000000036,82.969534656372,NA
141,1,114101,"coordinate_exchange","large","large","some","some",3,"high",3969,17,33,5,948.999999999955,82.969534656372,NA
141,2,114102,"point_exchange","large","large","some","some",3,"high",3969,17,33,5,204.000000000065,82.969534656372,NA
141,2,114102,"coordinate_exchange","large","large","some","some",3,"high",3969,17,33,5,932.000000000016,82.969534656372,NA
142,1,114201,"point_exchange","large","large","some","some",4,"high",7056,26,50,4,690.000000000055,86.1602982713078,NA
142,1,114201,"coordinate_exchange","large","large","some","some",4,"high",7056,26,50,4,2001.99999999995,86.1388833067142,NA
142,2,114202,"point_exchange","large","large","some","some",4,"high",7056,26,50,4,543.000000000006,86.2426601855202,NA
142,2,114202,"coordinate_exchange","large","large","some","some",4,"high",7056,26,50,4,1989.00000000003,86.1388833067142,NA
143,1,114301,"point_exchange","large","large","some","many",3,"high",3969,18,35,5,221.99999999998,71.5249507060369,NA
143,1,114301,"coordinate_exchange","large","large","some","many",3,"high",3969,18,35,5,1024.99999999998,71.4692940446132,NA
143,2,114302,"point_exchange","large","large","some","many",3,"high",3969,18,35,5,192.999999999984,71.6013208165081,NA
143,2,114302,"coordinate_exchange","large","large","some","many",3,"high",3969,18,35,5,1040.99999999994,71.4692940446132,NA
144,1,114401,"point_exchange","large","large","some","many",4,"high",7056,27,52,4,1216.00000000001,77.7841190447039,NA
144,1,114401,"coordinate_exchange","large","large","some","many",4,"high",7056,27,52,4,2726.99999999998,77.7814357940021,NA
144,2,114402,"point_exchange","large","large","some","many",4,"high",7056,27,52,4,1168.99999999998,77.8013866016873,NA
144,2,114402,"coordinate_exchange","large","large","some","many",4,"high",7056,27,52,4,2849.00000000005,77.7814357940021,NA
145,1,114501,"point_exchange","large","large","some","many",5,"low",225,38,73,12,262.000000000057,81.864974134046,NA
145,1,114501,"coordinate_exchange","large","large","some","many",5,"low",225,38,73,12,12454.9999999999,81.3675828750141,NA
145,2,114502,"point_exchange","large","large","some","many",5,"low",225,38,73,12,253.999999999905,81.9067416519501,NA
145,2,114502,"coordinate_exchange","large","large","some","many",5,"low",225,38,73,12,12537,81.3675828750141,NA
146,1,114601,"point_exchange","large","large","some","many",5,"high",11025,38,73,4,4110.99999999999,81.8794772951973,NA
146,1,114601,"coordinate_exchange","large","large","some","many",5,"high",11025,38,73,4,3115.99999999999,81.6118578293971,NA
146,2,114602,"point_exchange","large","large","some","many",5,"high",11025,38,73,4,4596.99999999998,81.8717261932402,NA
146,2,114602,"coordinate_exchange","large","large","some","many",5,"high",11025,38,73,4,3242.00000000008,81.6118578293971,NA
147,1,114701,"point_exchange","large","large","many","none",3,"low",81,20,38,12,45.9999999999354,99.0164739618135,NA
147,1,114701,"coordinate_exchange","large","large","many","none",3,"low",81,20,38,12,1983.00000000006,99.0148950161058,NA
147,2,114702,"point_exchange","large","large","many","none",3,"low",81,20,38,12,42.00000000003,99.0164739618135,NA
147,2,114702,"coordinate_exchange","large","large","many","none",3,"low",81,20,38,12,1952,99.0148950161058,NA
148,1,114801,"point_exchange","large","large","many","none",3,"high",3969,20,38,5,138.000000000034,99.0164739618135,NA
148,1,114801,"coordinate_exchange","large","large","many","none",3,"high",3969,20,38,5,509.999999999991,99.014895016106,NA
148,2,114802,"point_exchange","large","large","many","none",3,"high",3969,20,38,5,138.000000000034,99.0164739618135,NA
148,2,114802,"coordinate_exchange","large","large","many","none",3,"high",3969,20,38,5,512.99999999992,99.014895016106,NA
149,1,114901,"point_exchange","large","large","many","none",4,"low",144,31,59,12,98.9999999999327,97.4560184815265,NA
149,1,114901,"coordinate_exchange","large","large","many","none",4,"low",144,31,59,12,3355.99999999999,97.4306957464947,NA
149,2,114902,"point_exchange","large","large","many","none",4,"low",144,31,59,12,110.99999999999,97.4560184815267,NA
149,2,114902,"coordinate_exchange","large","large","many","none",4,"low",144,31,59,12,3358.00000000006,97.4306957464947,NA
150,1,115001,"point_exchange","large","large","many","none",4,"high",7056,31,59,4,720.000000000027,97.4560184815265,NA
150,1,115001,"coordinate_exchange","large","large","many","none",4,"high",7056,31,59,4,869.000000000028,97.4560184815266,NA
150,2,115002,"point_exchange","large","large","many","none",4,"high",7056,31,59,4,725.999999999999,97.4560184815265,NA
150,2,115002,"coordinate_exchange","large","large","many","none",4,"high",7056,31,59,4,961.999999999989,97.4560184815266,NA
151,1,115101,"point_exchange","large","large","many","none",5,"high",11025,44,84,4,3312.99999999999,95.9349609014304,NA
151,1,115101,"coordinate_exchange","large","large","many","none",5,"high",11025,44,84,4,3670.99999999994,95.8383287834626,NA
151,2,115102,"point_exchange","large","large","many","none",5,"high",11025,44,84,4,3040.00000000008,95.9349609014303,NA
151,2,115102,"coordinate_exchange","large","large","many","none",5,"high",11025,44,84,4,3671.99999999991,95.8383287834626,NA
152,1,115201,"point_exchange","large","large","many","some",3,"low",81,21,40,12,48.9999999999782,85.3507942837299,NA
152,1,115201,"coordinate_exchange","large","large","many","some",3,"low",81,21,40,12,2226,85.3507942837299,NA
152,2,115202,"point_exchange","large","large","many","some",3,"low",81,21,40,12,50.0000000000682,85.3507942837299,NA
152,2,115202,"coordinate_exchange","large","large","many","some",3,"low",81,21,40,12,2202.99999999997,85.3507942837299,NA
153,1,115301,"point_exchange","large","large","many","some",3,"high",3969,21,40,5,264.999999999986,85.3507942837299,NA
153,1,115301,"coordinate_exchange","large","large","many","some",3,"high",3969,21,40,5,870.000000000005,85.1875733490975,NA
153,2,115302,"point_exchange","large","large","many","some",3,"high",3969,21,40,5,209.999999999923,85.3507942837299,NA
153,2,115302,"coordinate_exchange","large","large","many","some",3,"high",3969,21,40,5,866.000000000099,85.1875733490975,NA
154,1,115401,"point_exchange","large","large","many","some",4,"low",144,32,61,12,67.0000000000073,88.2778950683031,NA
154,1,115401,"coordinate_exchange","large","large","many","some",4,"low",144,32,61,12,3946.00000000003,88.2769242911361,NA
154,2,115402,"point_exchange","large","large","many","some",4,"low",144,32,61,12,96.0000000000036,88.1996719093952,NA
154,2,115402,"coordinate_exchange","large","large","many","some",4,"low",144,32,61,12,3870.99999999998,88.2769242911361,NA
155,1,115501,"point_exchange","large","large","many","some",5,"low",225,45,86,12,300.000000000068,89.4772501553896,NA
155,1,115501,"coordinate_exchange","large","large","many","some",5,"low",225,45,86,12,9716.00000000001,89.4736751340931,NA
155,2,115502,"point_exchange","large","large","many","some",5,"low",225,45,86,12,313.999999999965,89.4729622647862,NA
155,2,115502,"coordinate_exchange","large","large","many","some",5,"low",225,45,86,12,9617.99999999994,89.4736751340931,NA
156,1,115601,"point_exchange","large","large","many","some",5,"high",11025,45,86,4,4489.00000000003,89.4821549760796,NA
156,1,115601,"coordinate_exchange","large","large","many","some",5,"high",11025,45,86,4,3665.99999999994,89.413335600954,NA
156,2,115602,"point_exchange","large","large","many","some",5,"high",11025,45,86,4,5962.99999999997,89.4641247288263,NA
156,2,115602,"coordinate_exchange","large","large","many","some",5,"high",11025,45,86,4,3765.99999999996,89.413335600954,NA
157,1,115701,"point_exchange","large","large","many","many",3,"low",81,22,42,12,40.0000000000773,74.8676251045605,NA
157,1,115701,"coordinate_exchange","large","large","many","many",3,"low",81,22,42,12,2544.99999999996,74.8676251045605,NA
157,2,115702,"point_exchange","large","large","many","many",3,"low",81,22,42,12,33.9999999999918,74.8676251045605,NA
157,2,115702,"coordinate_exchange","large","large","many","many",3,"low",81,22,42,12,2517.00000000005,74.8676251045605,NA
158,1,115801,"point_exchange","large","large","many","many",4,"low",144,33,63,12,82.99999999997,79.7050730192205,NA
158,1,115801,"coordinate_exchange","large","large","many","many",4,"low",144,33,63,12,6160.00000000008,79.6906369674137,NA
158,2,115802,"point_exchange","large","large","many","many",4,"low",144,33,63,12,94.9999999999136,79.6870987708669,NA
158,2,115802,"coordinate_exchange","large","large","many","many",4,"low",144,33,63,12,6352.00000000009,79.6906369674137,NA
159,1,115901,"point_exchange","large","large","many","many",4,"high",7056,33,63,4,1389.99999999999,79.7584090249198,NA
159,1,115901,"coordinate_exchange","large","large","many","many",4,"high",7056,33,63,4,1403.00000000002,79.7466517778161,NA
159,2,115902,"point_exchange","large","large","many","many",4,"high",7056,33,63,4,1287.00000000003,79.7614265183503,NA
159,2,115902,"coordinate_exchange","large","large","many","many",4,"high",7056,33,63,4,1404,79.7466517778161,NA
160,1,116001,"point_exchange","large","large","many","many",5,"high",11025,46,88,4,4831.99999999999,83.0561145319228,NA
160,1,116001,"coordinate_exchange","large","large","many","many",5,"high",11025,46,88,4,3403.00000000002,83.0876321660058,NA
160,2,116002,"point_exchange","large","large","many","many",5,"high",11025,46,88,4,5535.99999999994,83.213492092502,NA
160,2,116002,"coordinate_exchange","large","large","many","many",5,"high",11025,46,88,4,3492.00000000008,83.0876321660058,NA
